Id	SalePrice
1	159186.9375
2	161897.7813
3	189102.1563
4	197288.6875
5	176641.6406
6	203242
7	155829.4063
8	164323.0313
9	183276.0781
10	135008.6563
11	126500.9063
12	159434.6406
13	217846.4531
14	143274.7188
15	147552.6563
16	165724.2031
17	222329.9844
18	123567.375
19	175630.4375
20	219658.625
21	173560.3281
22	169416.2344
23	169334.0156
24	172530.3438
25	158226.1563
26	210928.25
27	213821.9531
28	174893.875
29	174902.5156
30	204642.5938
31	171510.2188
32	167478.8438
33	148592.7813
34	141197.2969
35	182453.4063
36	152812.3125
37	219399.0313
38	159770.8281
39	149976.2969
40	177213.3281
41	201260.6875
42	129130.0781
43	147989.6719
44	125493.0938
45	198221.4063
46	188168.0313
47	126173.9297
48	145374.9844
49	182348.1875
50	213452.1563
51	196195.2813
52	175714.0313
53	120519.375
54	161594.9844
55	206554.9688
56	187523.25
57	163226.875
58	169928.1094
59	172158.3125
60	137231.625
61	178083.3594
62	191580.2344
63	147491.5625
64	220309.0156
65	155541.5313
66	154676.5938
67	213887.3125
68	174680.0625
69	155087.8438
70	170835.75
71	120516.2031
72	165576.8438
73	188219.5313
74	113563.0547
75	164990.5625
76	234834.4375
77	181752.4063
78	150882.6719
79	113728.2813
80	174363.3438
81	168701.5938
82	192819.5313
83	192786.6406
84	163901.9531
85	176046.0313
86	207822.125
87	179471.3281
88	187453.1406
89	134055.2969
90	169211.625
91	131760.9219
92	215184.1094
93	179523.1094
94	107965.7188
95	189836.6406
96	149230.9375
97	165600.3438
98	190663.2813
99	195051.0313
100	184148.1875
101	160399.5156
102	155060.4375
103	176018.4375
104	174602.75
105	150144.7031
106	177670.9375
107	202045.7344
108	130006.7734
109	117546.4688
110	133319.625
111	121587.0469
112	155991.2188
113	167440.1563
114	141587.7344
115	181764.0781
116	149648.8906
117	164338.0781
118	143228.7813
119	169987.5938
120	154825.875
121	144579.7813
122	169651.25
123	160593.7344
124	185539.7813
125	152978.0313
126	172157.8125
127	158139.8438
128	154668.2813
129	192275.0625
130	201057.6094
131	156003.8281
132	222644.9531
133	145242.2813
134	144141.7031
135	186693.7188
136	146025.3125
137	228982.4219
138	159961.9531
139	151927.1094
140	182891.25
141	181965.2344
142	177742.7969
143	237996.2969
144	184832.4063
145	195252.0625
146	209847.2031
147	158518.2344
148	174115.9063
149	164516.5469
150	167085.2813
151	206383.3125
152	174011.5313
153	113416.375
154	168465.3438
155	171519.5469
156	162924.125
157	209894.25
158	208116.3594
159	130804.2422
160	231616.7656
161	144764.0156
162	156838.3125
163	231755.3438
164	180831.4375
165	148309.6875
166	183775.8438
167	164930.7969
168	161924.7344
169	122581.3906
170	148847.3281
171	167854.4688
172	166194.4688
173	198747.875
174	185569.7188
175	164313.375
176	209656.3594
177	198159.1875
178	189850.6094
179	188051.5625
180	203167.0781
181	151553.4688
182	166161.8594
183	164900.4063
184	174925.1563
185	147854.9063
186	189774.3594
187	185740.9531
188	132664
189	199706.8125
190	136991.875
191	139362.8906
192	210042.7344
193	147220.0625
194	216344.7969
195	151501.5625
196	172172.3438
197	198980.125
198	180916.2188
199	208705.7188
200	173889.3906
201	168941.8281
202	153662.5313
203	190957.375
204	167833.2188
205	157623.1563
206	229371.4375
207	165204.5469
208	164941.5313
209	148372.0938
210	145373.0625
211	236398.8594
212	142193.8281
213	202958.8438
214	158723.0469
215	126405.6563
216	190784.2188
217	184696.3281
218	189636.9375
219	205696.5
220	206985.0469
221	150492.9063
222	195331.625
223	164594.5625
224	222296.7969
225	135959.9063
226	141055.7031
227	155521.8438
228	188003.2031
229	164782.375
230	148059.1406
231	169490.6406
232	152769.0469
233	160405.0625
234	156297.3906
235	155795.8281
236	128535.2031
237	152618.6406
238	148534
239	152285.4219
240	202737.9063
241	180684.7813
242	127890.9063
243	202561.5938
244	163106
245	185197.625
246	176046.0156
247	182169.5313
248	190476.2813
249	171318.7031
250	251329.5156
251	205280.9375
252	158534.5156
253	167947.4844
254	168502.4688
255	146277.9531
256	185492.1563
257	141369.9219
258	178009.75
259	170634.3125
260	170872.875
261	197252.2188
262	234329.5625
263	165836.5156
264	140424.7031
265	218022.5469
266	159723.0313
267	159654.9063
268	177400.2188
269	139869.25
270	145985.5469
271	202884.6719
272	194121.25
273	183847.7344
274	151012.6563
275	165305.7656
276	113705.0625
277	186438.4531
278	187861.8281
279	205084.7031
280	217963.7344
281	154608.7656
282	176272.9531
283	125633.5781
284	167538.8906
285	194301.8281
286	229282.0938
287	192734.1875
288	183519.625
289	188196.2813
290	206375.7656
291	190643.625
292	203197.6563
293	183263.7031
294	211298.5156
295	149678.0938
296	169131.4844
297	163256.9375
298	186019.875
299	186371
300	135797.25
301	219749.75
302	186623.25
303	181802.4688
304	167093.0156
305	160423.7813
306	189858.7969
307	130925
308	176822.25
309	158923.9688
310	164977.125
311	147365.6563
312	190125.7188
313	173657.0313
314	158907.1406
315	132311.9219
316	212550.7344
317	154625.4063
318	151800.7656
319	182144.625
320	169529.2031
321	185091.375
322	147938.5469
323	198937.0781
324	176174.9688
325	187486.3125
326	145428.4531
327	157097.9688
328	126674.4844
329	143844.3125
330	160781.1406
331	198162.4531
332	177347.3281
333	160786.9375
334	130304.6016
335	205041.0469
336	162389.9688
337	146068.2344
338	186209
339	143219.8438
340	219778.7813
341	179933.4688
342	190784.9531
343	118266.0469
344	160233.8125
345	246643.9531
346	230586.8125
347	183566.7031
348	157337.2969
349	167638.3438
350	115623.7031
351	174728.3125
352	207256.125
353	112437.3906
354	137252.8125
355	174015.1719
356	158825.8125
357	237494.0781
358	147394.5
359	172253.5156
360	209517.3281
361	180523
362	208531.3438
363	170674.1563
364	162994.625
365	139299.8125
366	131186.3906
367	154222.5938
368	152407.5313
369	168534.0938
370	201672.875
371	107346.3828
372	145162.6563
373	125312.5938
374	219634.8438
375	140234.0938
376	135819.3594
377	188283.3125
378	153449.0156
379	156019.5469
380	174307.4688
381	148223.1719
382	149571.7344
383	177644.625
384	211451.125
385	183563.9688
386	142500.8125
387	189802.9375
388	192206.6875
389	202787.0156
390	221005.7188
391	145807.5938
392	143935.0625
393	219821.3125
394	166295.9844
395	118301.0703
396	202065.625
397	273249.625
398	173339.4375
399	168051.5938
400	109863.9531
401	208398.5
402	162031.6875
403	204259.2188
404	184447.2813
405	175028.9219
406	132663.8906
407	137801.1875
408	120394.7813
409	199624.0781
410	185724.8594
411	207245.3281
412	181699.0938
413	169893.75
414	188490.9844
415	176154.125
416	171945.0781
417	150924.5625
418	125681.6094
419	186022.9531
420	192203.0938
421	177610.7813
422	164641.5625
423	204985.0313
424	206060.2656
425	92291.3125
426	242035.6875
427	150579.375
428	149077.0625
429	161396.6406
430	169105.7656
431	136572.5469
432	166237.0313
433	140471.3125
434	218130.0156
435	148103.1875
436	164302.1875
437	145095.2813
438	138652.5
439	199245.9531
440	169870.3281
441	179530.0938
442	156031.4375
443	243882.9219
444	146672.7813
445	204667.5313
446	157249.4219
447	166438.1563
448	167899.3906
449	153711.7813
450	185183.0938
451	182018.9375
452	136157.0938
453	157343.5313
454	178444.875
455	193661.4063
456	187633.1406
457	137122.6094
458	182956.8281
459	169289.125
460	159423.0313
461	187072.3281
462	161730.9688
463	157624.2813
464	183802.6875
465	207895.6563
466	152731.2969
467	172244.0313
468	179771.1875
469	172175.5938
470	155158.75
471	165122.0938
472	203088.2656
473	194012.1563
474	140035.3281
475	157114.7813
476	151773.125
477	198797.9375
478	187429.6875
479	142090.5625
480	161539.1719
481	174407.7188
482	219155.1094
483	165200.75
484	188932.875
485	172323.25
486	160023.7969
487	184470.3906
488	154008.6094
489	158124.2188
490	189267.5313
491	215807.6875
492	149430.625
493	166752.1563
494	142811.0625
495	175316.0313
496	155025.625
497	144013.9063
498	128344.6875
499	168997.5469
500	186347.375
501	192365.5625
502	205413.0313
503	147614.8594
504	180784.6094
505	187524.8125
506	146498.9375
507	223712.0313
508	184980.0938
509	212763.2344
510	181242.6094
511	173892.0313
512	201812.8281
513	164286.2813
514	147893.375
515	149208.4219
516	175036.6094
517	182202.2031
518	208093.7813
519	198495.0156
520	138084.5469
521	156232.6563
522	167164.9375
523	175559.3125
524	162125.3438
525	192309.5313
526	186162.1406
527	222971.7813
528	200069.6563
529	157907.7656
530	122635.8438
531	163506.1094
532	189051.2188
533	245512.7188
534	152075.5
535	191729.3438
536	139277.6094
537	165537.6406
538	180704.875
539	171540.6875
540	165019.25
541	163969.8906
542	188382.2188
543	204930.6875
544	164179.9375
545	147773.2188
546	192853.3906
547	201685.875
548	180408.4844
549	179786.3594
550	187028.5625
551	154149.6875
552	150070.0156
553	182818.3906
554	205384.8438
555	214485.4375
556	202511.6563
557	206866.3594
558	222575.5313
559	176640.2813
560	143190.5156
561	180134.3594
562	149696.2969
563	161741.5625
564	191691.3281
565	156412.0781
566	151824.875
567	165052.2031
568	167428.5781
569	176303.8125
570	176846.8281
571	137059.375
572	184938.75
573	205711.1719
574	194982.0625
575	176200.625
576	200966.9063
577	180014.3906
578	175000.6406
579	167976.125
580	135187.4063
581	131609.9063
582	189087.9844
583	151829.4219
584	122918.375
585	177804.2188
586	144933.6719
587	149646.2969
588	167347.875
589	196554.5313
590	192791.0625
591	221966.9688
592	158446.4375
593	184432.25
594	180618.2188
595	205328.0938
596	177715.0313
597	157485
598	141724.3906
599	198226.8906
600	211682.0938
601	157108.2344
602	173478.4531
603	146291.1563
604	195499.2188
605	265375.2813
606	183811.7813
607	161084.8594
608	150904.8906
609	205476.6094
610	189587.2813
611	198473.5313
612	205499.5
613	193249.0938
614	167761
615	178053.9375
616	172822.2813
617	196055.2188
618	127677.2031
619	176189.1719
620	148079.4531
621	193352.875
622	207303.0625
623	208735.125
624	171945.75
625	202464.9531
626	150841.4219
627	171368.125
628	180661.6563
629	150991.3438
630	231961.5781
631	213072.4531
632	172750.6563
633	132248.1563
634	174964.625
635	149418.6719
636	139819.1563
637	157316.7813
638	169473.9219
639	170800.1406
640	127692.8125
641	174492.0625
642	124861.1406
643	180864.875
644	200889.9219
645	171686.7813
646	183784.4375
647	150267.875
648	154757.4063
649	231185.2344
650	158676.5
651	173415.4531
652	170272.8281
653	154282.6719
654	148206.5
655	165321.0313
656	202849.5625
657	153888.5313
658	196433.1563
659	215857.7969
660	152431.6094
661	154147.75
662	169632.0781
663	177619.3906
664	178934.0625
665	221821.0156
666	205925.5781
667	146175.6875
668	140073.9688
669	216121.2188
670	212708.7656
671	150752.5938
672	201276.3594
673	200895.7656
674	174734.1563
675	150736.0313
676	210085.4531
677	154354.6875
678	171554.4844
679	152222.4531
680	174650.25
681	138135.1719
682	163905.3594
683	248543.9063
684	136809.2969
685	146197.2969
686	186136.875
687	147152.1719
688	207223.8438
689	171637.4375
690	185961.5313
691	211917.9688
692	128261.1719
693	155505.75
694	171603.875
695	162961.4844
696	157292.5469
697	263743.8125
698	219057.3125
699	134294.1094
700	103334.6641
701	187950.1719
702	151346.0156
703	184977.75
704	165115.4844
705	202204.3125
706	160343.2969
707	146376.375
708	158198.75
709	199998.8906
710	156874.9219
711	185194.25
712	183852.0625
713	169900.2188
714	124250.9688
715	143272.7813
716	127734.9531
717	199521.5781
718	166574.4688
719	183147.9063
720	177679.5156
721	158289.9844
722	132307.2344
723	151781.75
724	214541.3438
725	157455.6719
726	194699.6563
727	141963.0156
728	155951.9063
729	127865.2813
730	161972.8125
731	183411.6875
732	204441.0625
733	155642.6094
734	166885.1406
735	198435.0625
736	173467.4063
737	149885.6875
738	197979.5
739	167467.75
740	178516.4063
741	167276.0625
742	188505.75
743	148663.9688
744	258586.4219
745	142356.3906
746	137359.7031
747	165818.5469
748	165618.0938
749	204510.6563
750	167220.2344
751	269572.4375
752	143587.6719
753	195360.5938
754	158235.2188
755	195263.4219
756	177761.6875
757	184247.1563
758	159220.7969
759	209106
760	170814.1719
761	187208
762	172760.2813
763	159248.3438
764	163583.0625
765	256278.5156
766	151135.3594
767	179726.6094
768	197039.5156
769	188217.0938
770	190002.9531
771	126747.6719
772	162696.3125
773	174880.5313
774	163555.4688
775	208115.4844
776	205095.625
777	196449.7031
778	193716.1719
779	191098.4688
780	232081.3438
781	133396.1875
782	203789
783	166387.8281
784	223070.9219
785	160195.4688
786	227145.4531
787	195436.9375
788	171602.1406
789	167534.4375
790	159607.5938
791	135067.3594
792	135921.8281
793	139153
794	198622.625
795	172497.2031
796	132294.5781
797	153191.1406
798	223443.6563
799	145589
800	171248.4688
801	131166.1563
802	182953.875
803	175109.2031
804	188724.2188
805	154557.1563
806	155937.1406
807	171390.7031
808	170660.9531
809	165917.5
810	179639.25
811	184358.8125
812	171371
813	233197.4531
814	124660.8906
815	183721.4063
816	176199.5313
817	142878.1719
818	193414.2656
819	183032.7969
820	189158
821	189421.0781
822	151711.1875
823	172303.5938
824	169023.9531
825	130566.125
826	176345.7813
827	202211.1563
828	173200.5938
829	194694.8906
830	196298.1719
831	142545.125
832	172653.7813
833	144255.0938
834	174894.875
835	152422.1563
836	228813.3594
837	216332
838	196619.1875
839	162816.6563
840	234630.0781
841	159240.0469
842	172723.5156
843	196595.3906
844	162013.9375
845	192106.8438
846	172574.2813
847	175660.9688
848	161489.7188
849	183122.8594
850	149721
851	148286.125
852	201950.3594
853	166180.5781
854	146546.5781
855	146936.25
856	182726.9688
857	209357.8594
858	159153.1563
859	132242.1563
860	191112.8438
861	151828.8594
862	168485.7969
863	167796.5156
864	170641.1563
865	172493.5625
866	170525.2969
867	261787.875
868	109977.9219
869	179551.625
870	202118.6406
871	163095.8438
872	136554.3125
873	156225.4688
874	184951.8281
875	179259.125
876	160510.6719
877	140983.5
878	151648.0469
879	111200.2344
880	198584.75
881	143131.4688
882	194078.4844
883	183119.4688
884	142786.75
885	186909.625
886	152963.0938
887	196142.4688
888	167209.9063
889	157232.0938
890	179670.0313
891	202374.0938
892	148844.125
893	224341.7188
894	159728.4219
895	213194.25
896	168149.875
897	209735.3125
898	212295.4688
899	209563.4531
900	182301.625
901	185447.5156
902	190685.25
903	149120.8438
904	151780.4688
905	212238.3906
906	185041.9375
907	175461.1563
908	141877.4531
909	188371.6875
910	167547.2344
911	143212.0156
912	142690.75
913	174228.4844
914	177002.7031
915	223472.625
916	171153.375
917	136596.9375
918	150756.1719
919	181838.8438
920	147379.6875
921	183640.0625
922	163150.3125
923	181051.0469
924	166751.4531
925	143381.2656
926	122731.9219
927	198468.9375
928	160060.7188
929	170912.0938
930	183995.625
931	173636.9688
932	141482.8281
933	200975.4531
934	124749.6563
935	120753.875
936	160649.4688
937	168184.8281
938	121888.75
939	163557.6563
940	164582.9219
941	180456.1875
942	160967.0625
943	129439.3438
944	169634.1875
945	160246.0781
946	148771.3438
947	222628.6094
948	188499.9688
949	173844.8438
950	130050.3906
951	130720.9844
952	176384.1719
953	157913.1875
954	212297.1094
955	185347.5781
956	140856.9375
957	153861.7188
958	144610.875
959	176098.3906
960	214522.4375
961	152488.2188
962	178304.875
963	140973.6875
964	194622.4063
965	209633.2656
966	184858.7344
967	246584.2188
968	163048.5156
969	158149.5938
970	135849.7031
971	131834.8281
972	243338.9688
973	97765.96875
974	169788.9531
975	163670.1563
976	193473.6563
977	109789.2188
978	160213.7188
979	147751.375
980	166081.9063
981	134953.7031
982	186049.9063
983	199312.4219
984	244277.3125
985	179364.8906
986	192197
987	199530.4531
988	203045.2188
989	173796.9531
990	186587.6406
991	198086.9063
992	201897.4844
993	145208.1094
994	176207.0313
995	188122.5156
996	163679.9219
997	163146.5625
998	155616.7031
999	157441.4375
1000	195795.8281
1001	186236.3281
1002	128749.9063
1003	173316.9844
1004	200909.9063
1005	174020.6094
1006	170666.7969
1007	222844.3594
1008	194768.1875
1009	130984.4141
1010	166615.7344
1011	192800.8125
1012	148234.6406
1013	147025.875
1014	123560.5
1015	171969.2188
1016	143778.9219
1017	166628.7188
1018	225152.875
1019	180477.7031
1020	181065.2344
1021	166599.3906
1022	146452.4688
1023	189902.8281
1024	143846.9375
1025	148574.3125
1026	163460.9375
1027	153481.6719
1028	159924.5313
1029	180699.2344
1030	149715.0938
1031	171145.7969
1032	158113.5313
1033	160946.3594
1034	200520.1406
1035	179455.7656
1036	175809.8594
1037	203494.3438
1038	157538.9063
1039	176909
1040	152699.3281
1041	185212.9688
1042	218047.0156
1043	183513.2344
1044	131734.125
1045	180530.2344
1046	207234.9375
1047	144013.5938
1048	127137.375
1049	153529.5938
1050	201203.0156
1051	176018.5781
1052	178341.6094
1053	161536.875
1054	155837.8125
1055	158006.0469
1056	199888.8594
1057	194639.9375
1058	214883.6563
1059	189599.25
1060	184204.0938
1061	192801.25
1062	220745.4063
1063	172188.375
1064	176734.6406
1065	147433.7344
1066	156487.5781
1067	182654.9375
1068	192793.3281
1069	200953.8438
1070	192196.9688
1071	175286.5469
1072	141488.0469
1073	185213.3594
1074	163382.8906
1075	199481.4688
1076	139506.4375
1077	153642.8594
1078	173091.0781
1079	137610.5313
1080	228690.0313
1081	138688.6563
1082	167399.2813
1083	169158.8281
1084	146227.5156
1085	138284.7188
1086	232642.2656
1087	200604.625
1088	169379.75
1089	165419.4063
1090	167704
1091	174808.5938
1092	187414.6563
1093	170115.1719
1094	138194.9063
1095	167296.6406
1096	125869.5156
1097	191753.5
1098	223189.0625
1099	154850.2813
1100	125019.1875
1101	245363.0313
1102	178288.875
1103	190938.75
1104	152234.6094
1105	174314.8125
1106	208047.0313
1107	141490.6719
1108	115978.7969
1109	165915.7344
1110	230311.0781
1111	156758.0156
1112	139472.7813
1113	196428.9375
1114	133549.9063
1115	144242.1563
1116	200462.5156
1117	141419.2656
1118	180593.9844
1119	220073.5625
1120	178706.7813
1121	139500.5469
1122	146932.5156
1123	174065.25
1124	181775.0625
1125	139412.0938
1126	218835.375
1127	138340.6875
1128	130983.1719
1129	149205.8125
1130	209333.6719
1131	173673.5781
1132	223076.5469
1133	188808.9688
1134	199696.625
1135	192853.6406
1136	181468.3125
1137	166844.0469
1138	166854.4219
1139	170138.5938
1140	165648.8594
1141	185341.2813
1142	195874.2969
1143	151670.6563
1144	130358.3281
1145	187453.2188
1146	178964.9531
1147	159946.3281
1148	180388.2656
1149	150207.3125
1150	154749.8906
1151	131899.0781
1152	146973.125
1153	196633.7656
1154	171031.3281
1155	181001.6094
1156	148343.375
1157	171625.375
1158	172483.1563
1159	174104.1875
1160	118729.1406
1161	137767.1094
1162	196303.1406
1163	165464.9844
1164	151447.75
1165	241067.0781
1166	166552.5938
1167	149560.5469
1168	205325.75
1169	189767.0313
1170	161575.4063
1171	111145.9766
1172	137505.9219
1173	215785.1094
1174	241731.4219
1175	182278.6406
1176	193789.0313
1177	160524.5781
1178	219841.6563
1179	159695.0469
1180	197154.6719
1181	200587.7656
1182	183116.1875
1183	171908.125
1184	176869.9375
1185	145187.5625
1186	165105.5781
1187	205482.4531
1188	146096.7188
1189	186756.0313
1190	196846.2969
1191	158590.7188
1192	147439.3125
1193	143083.7344
1194	180505.0938
1195	163982.8281
1196	159477.0469
1197	183634.4531
1198	214422.6406
1199	128958.3906
1200	156498.3438
1201	168931.8438
1202	142126.8438
1203	118099.0078
1204	129858.1094
1205	186929
1206	138818.0156
1207	175760.125
1208	169547.0469
1209	156518.3906
1210	119904.1016
1211	187375.1094
1212	188154.375
1213	124928.25
1214	195180.4375
1215	158540.5313
1216	164514.5625
1217	150859.5938
1218	180196.375
1219	174744.4375
1220	151622.9063
1221	167933.5781
1222	182960.2188
1223	171456.0313
1224	156201.9688
1225	155835.9219
1226	172069.6875
1227	204814.4375
1228	158938.0469
1229	164769.1563
1230	228318.25
1231	190251.6563
1232	135203.4688
1233	125192.5781
1234	167636.1875
1235	158447.625
1236	148322.9375
1237	140021.9844
1238	170004.9375
1239	241500.2031
1240	200157.7031
1241	129524.5078
1242	136433.4375
1243	199360.5938
1244	184054.7813
1245	180767.0156
1246	206101.4063
1247	180516.375
1248	175376.1563
1249	159443.375
1250	190581.5938
1251	179150.5
1252	176797.0313
1253	194194.0781
1254	203847.875
1255	206788.6406
1256	113092.0781
1257	212879.1875
1258	149759.8594
1259	205472.6875
1260	202957.875
1261	129182.7031
1262	157054.9688
1263	165211.8906
1264	148132.4531
1265	157677.9219
1266	171513.5
1267	214877.5781
1268	178653.6406
1269	180752.4688
1270	183696.2969
1271	149907.7656
1272	171046.3594
1273	193497.5625
1274	135233.1406
1275	240453.5156
1276	157310.9219
1277	199696.5156
1278	157960.5469
1279	177842.4375
1280	229522.9531
1281	204767.9688
1282	164258.9063
1283	141887.7969
1284	186795.3281
1285	176699.7188
1286	168138.7344
1287	180853.5469
1288	187979
1289	148977.4219
1290	100081.5156
1291	155648.7656
1292	150756.2813
1293	131025.4141
1294	184981.6406
1295	194350.1563
1296	242416.2188
1297	128562.6563
1298	192448.7188
1299	152659.2188
1300	189965.2031
1301	160649.2188
1302	150412.4688
1303	141646.25
1304	196991.5313
1305	191219.75
1306	160890.5
1307	187951.3438
1308	160503.5313
1309	149392.2813
1310	203663.9688
1311	195713.5
1312	187792.0938
1313	202704.6094
1314	177114.1406
1315	161435.5625
1316	110273.3125
1317	176778.5469
1318	189784.5938
1319	160593.4688
1320	167101.1406
1321	206498.8438
1322	139806.125
1323	197052.6563
1324	178346.4531
1325	197542.8125
1326	182574.4688
1327	182635.875
1328	193931.5156
1329	178054.875
1330	171355.3438
1331	167807.875
1332	205179.8438
1333	170051
1334	177841.1563
1335	204147.3125
1336	145608.6875
1337	175220.1406
1338	184591.2344
1339	178635.4219
1340	192438.3281
1341	213850.9688
1342	140268.8594
1343	210495.125
1344	140190.0938
1345	190325.375
1346	168017.3594
1347	123479.1563
1348	148814.8438
1349	176231.8594
1350	202563.5313
1351	195606.8438
1352	174421.6094
1353	180225.6563
1354	170939.0938
1355	166831.9844
1356	197667.0781
1357	171706.1094
1358	126138.4531
1359	167437.8438
1360	192420.0781
1361	148370.25
1362	254377.7813
1363	144281.8125
1364	224029
1365	200330.1563
1366	138763.5469
1367	154278.3281
1368	161211.3281
1369	221163.7813
1370	143096.3594
1371	196944.2344
1372	137818.8125
1373	207048.6719
1374	150293.3281
1375	173370.8125
1376	166342.9688
1377	178602.3594
1378	145027.8281
1379	169952.0938
1380	154885.9688
1381	105419.9609
1382	169774.5469
1383	144159.6406
1384	168885.8125
1385	154215.7188
1386	180660.3125
1387	183152.6406
1388	195436.5313
1389	169132.1719
1390	182205.9063
1391	166871.9063
1392	186430.3125
1393	174607.0313
1394	206487.2344
1395	141686.1563
1396	155949.5625
1397	178240.5
1398	176141.0781
1399	195236.1719
1400	142743.75
1401	178242.9375
1402	202089.25
1403	187845.125
1404	159843.125
1405	148490.3281
1406	160198.0313
1407	216350.9063
1408	225326.2031
1409	129998.4531
1410	162897.2813
1411	213225.25
1412	116526.0313
1413	187839.5
1414	169349.9063
1415	190506.125
1416	130260.2109
1417	172065.125
1418	193275.3125
1419	203594.1875
1420	203960.9688
1421	157235.7813
1422	234573.5469
1423	195882.4375
1424	188045.6406
1425	164893.0313
1426	148585.4844
1427	182733.5
1428	138651.7656
1429	129814.5781
1430	164990.5625
1431	151689.9063
1432	174778.1094
1433	144843.1406
1434	155921.5313
1435	167208.8594
1436	202671
1437	148896.2031
1438	189915.7188
1439	158276.9688
1440	181066.875
1441	151026.9531
1442	230745.0781
1443	183174.1094
1444	184320.7656
1445	126109.2031
1446	234777.5938
1447	122475.5938
1448	169531.0313
1449	169835.1563
1450	126118.5
1451	182229.6719
1452	226320.9375
1453	220640.625
1454	197383.0313
1455	121703.0938
1456	164299.0156
1457	156132.125
1458	175529.625
1459	163202.7656
1460	129280.3594
1461	126525.5313
1462	185511.6875
1463	197767.4219
1464	189219.4375
1465	138448.7656
1466	165263.0469
1467	137940.2813
1468	149479.4531
1469	178595.0156
1470	180332.6875
1471	191194.1719
1472	146474.2813
1473	162535.3281
1474	179733.6875
1475	181579.6406
1476	154077.4531
1477	161468.0781
1478	196072.25
1479	161002.1094
1480	221148.2031
1481	191471.5
1482	179130.7188
1483	211393.0625
1484	159286.0313
1485	116794.5938
1486	149163.4063
1487	178782.9219
1488	169041.3594
1489	170175.3438
1490	197790.4688
1491	166328.0313
1492	212523.3125
1493	157406.3906
1494	132771.6406
1495	113835.3906
1496	162010.0938
1497	201504.6875
1498	148143.9375
1499	157292.7031
1500	169284.2969
1501	211545.8281
1502	113703.5391
1503	185956.4375
1504	190764.5156
1505	198411.0313
1506	187226.8281
1507	134975.0156
1508	163384.5469
1509	168176.25
1510	170661.25
1511	230132.1563
1512	161059.25
1513	172231.1875
1514	163529.4063
1515	197726.0313
1516	140996.0313
1517	175698.6563
1518	184493.3594
1519	109036.3359
1520	201102.8906
1521	211803.1719
1522	123531.1641
1523	184514.7969
1524	163253.4688
1525	208004.5156
1526	151420.5469
1527	152282.5938
1528	192319.7813
1529	128357.5313
1530	197665.2188
1531	183435.5156
1532	184770.375
1533	156177.5
1534	172701.7656
1535	182808.7813
1536	166437.7031
1537	197337.2344
1538	172244.1875
1539	211248.7813
1540	143538.1563
1541	167022.5781
1542	167881.7656
1543	162401.1563
1544	190454.4688
1545	165086.5781
1546	172712.7031
1547	172713.8906
1548	139669.9219
1549	176769.625
1550	129736.9219
1551	160737.7813
1552	186021.0625
1553	179146.3594
1554	175537.9219
1555	184670.6094
1556	162615.4219
1557	159982.0625
1558	208021.0938
1559	196817.125
1560	185519.3594
1561	161683.2344
1562	188476.1875
1563	179790.2656
1564	170231.5781
1565	152257.9219
1566	177039.4844
1567	173461.6563
1568	176246.0781
1569	197460.5469
1570	200735.8906
1571	174790.7344
1572	137062
1573	181003.2344
1574	154490.0938
1575	208219.6719
1576	177629.6563
1577	161228.3906
1578	197037.9063
1579	122654.1406
1580	179161.6719
1581	210553.8438
1582	172004.1094
1583	133555.375
1584	169967.4531
1585	198925.0938
1586	176799.7344
1587	195693.6875
1588	161911.7188
1589	183030.4063
1590	156508.2813
1591	161175.0156
1592	132050.5938
1593	233627.1719
1594	152459.375
1595	172368.3594
1596	167850.875
1597	181858.1563
1598	152346.5938
1599	144415.1094
1600	161836.1406
1601	171494.8438
1602	134517.2813
1603	187032.5313
1604	156770.0469
1605	169878.8281
1606	198263.875
1607	216727.5313
1608	124525.25
1609	218379.7188
1610	145470.1875
1611	149023.1875
1612	192487.1875
1613	174389.7813
1614	139740.125
1615	186471.8125
1616	135789.7813
1617	166404.5469
1618	142136.9844
1619	222958.6563
1620	118241.2188
1621	141068.875
1622	202917.0625
1623	176257.5313
1624	165396.2031
1625	162702.0938
1626	155955.0313
1627	174521.5313
1628	165768.7813
1629	135545.5938
1630	151177.9531
1631	125523.7813
1632	146073.875
1633	159496.9688
1634	151459.5938
1635	135577.9688
1636	163535.9063
1637	207067.0938
1638	184897.3438
1639	148329.2813
1640	156819.7188
1641	177746.0156
1642	124472.8906
1643	103104.9609
1644	197041.2813
1645	138978.0938
1646	184797.25
1647	148668.9688
1648	123593.2969
1649	139561.75
1650	165962.1719
1651	193283.0469
1652	197545.5469
1653	154811.1875
1654	144343.2813
1655	163328.2969
1656	171473.9531
1657	155653
1658	166714.0469
1659	178714.2344
1660	139409.2031
1661	173969.3281
1662	161379.2344
1663	182462.8281
1664	149315.5938
1665	154105.6406
1666	148147.2344
1667	128711.3438
1668	161004.3594
1669	200855.75
1670	157362.4531
1671	176607.75
1672	177129.1875
1673	190039.8438
1674	182486.1875
1675	135892.625
1676	198668.8438
1677	159122.9063
1678	170043.0156
1679	198684.3438
1680	247273.3906
1681	136856.9063
1682	189248.8125
1683	164502.5469
1684	183628.8125
1685	221049.5625
1686	185716.0625
1687	180876.5625
1688	167596
1689	199145.8125
1690	106139.25
1691	172754.125
1692	159454.8125
1693	177558.1094
1694	193503.6719
1695	173304.875
1696	197309.0938
1697	162115.0781
1698	202842.7813
1699	187088.75
1700	255243.1563
1701	203491.2031
1702	143198.4688
1703	165228.4531
1704	185566.4531
1705	176286.2188
1706	131311.7188
1707	157757.0313
1708	197433.4688
1709	212332.2813
1710	154424.4063
1711	171871.625
1712	234498.3438
1713	264037.5625
1714	183251.2656
1715	131922.9531
1716	188529.7188
1717	133457.3125
1718	177313.0313
1719	202128.0938
1720	158001.6875
1721	173780.7188
1722	190963.0156
1723	145441.8906
1724	149637.0625
1725	110823.0781
1726	197217.25
1727	157658.8906
1728	167767.2344
1729	150144.75
1730	177149.3438
1731	146723.5625
1732	168644.1875
1733	200633.3125
1734	183317.4688
1735	182651.8438
1736	201450.2969
1737	187627.3906
1738	148314.4688
1739	192392.6875
1740	130532.875
1741	179245.0625
1742	155566.6875
1743	112721.1563
1744	190040.6719
1745	155606.7188
1746	208518.4375
1747	142132.9219
1748	159723.3438
1749	164300.3906
1750	154655.625
1751	156395.0938
1752	206795.6875
1753	224455.1875
1754	165151.2188
1755	164229.4219
1756	182051.8281
1757	163606.3438
1758	190984.8594
1759	177336.3594
1760	191537.7813
1761	192741.875
1762	134555.6406
1763	201124.3906
1764	175084.7813
1765	162107.75
1766	193510.0781
1767	161000.2813
1768	157310.7813
1769	170591.2813
1770	240311.9063
1771	161371.6875
1772	181242.9844
1773	171741.3438
1774	174256.1406
1775	163362.1719
1776	139668.4844
1777	188082.25
1778	151114.9688
1779	167268.3906
1780	203585.7031
1781	137161.1719
1782	185944.7188
1783	190204.2188
1784	176355.7188
1785	163266.5625
1786	164544.2813
1787	235734.1719
1788	152629.8906
1789	149299.7656
1790	116121.1094
1791	145209.4219
1792	122440.2734
1793	245383.2813
1794	220521.0781
1795	191592.7344
1796	167374.4688
1797	139955.3906
1798	122417.3828
1799	164694.1875
1800	157642.1875
1801	182289.5
1802	164368.4688
1803	145392.9219
1804	228425.6094
1805	169573.2813
1806	121539.1094
1807	203853.4375
1808	130019.5156
1809	209235.6719
1810	167459.8125
1811	210331.3125
1812	177436.1875
1813	144600.1875
1814	164376.4375
1815	181949.8281
1816	148568.5
1817	125629.4688
1818	211096.5
1819	161858
1820	208471.0625
1821	192935.75
1822	275477.5625
1823	207869.1563
1824	148851.7031
1825	194702.7188
1826	140390.6719
1827	202021.6094
1828	145972.1094
1829	169210.8125
1830	195054.2656
1831	167457.7344
1832	165636.4531
1833	124031.7656
1834	183663.5156
1835	162839
1836	136723.625
1837	158910.5
1838	163387.9531
1839	211319.125
1840	238707.6875
1841	219253.125
1842	232821.1094
1843	174553.0156
1844	174578.0781
1845	193781.4844
1846	184046.9688
1847	127993.6016
1848	175214.2344
1849	193944.9375
1850	147304.9063
1851	171833.7969
1852	154586
1853	143451.8125
1854	175868.7813
1855	141665.9844
1856	143990.4531
1857	145905.125
1858	164349.3125
1859	193301.5469
1860	164057.1719
1861	169889.6094
1862	165997.0313
1863	143739.2031
1864	149315.9531
1865	188214.0625
1866	158528.3281
1867	128713.8906
1868	162157.5469
1869	204389.5313
1870	176657.7813
1871	170277.5
1872	187177.4688
1873	152234.6563
1874	177449.2969
1875	161567.6094
1876	158486.8125
1877	143001.5313
1878	142094.4063
1879	146186.0938
1880	163181.0469
1881	179425.0313
1882	129081.9375
1883	194476.4844
1884	149751.3594
1885	119419.8281
1886	172275.5156
1887	170769.5
1888	187091.4688
1889	216728.1719
1890	161763.9063
1891	229301.4688
1892	136215.3281
1893	183648.8125
1894	164626.75
1895	223151.6094
1896	150769.5
1897	172286.4375
1898	177206.6563
1899	174083.0938
1900	212552.0313
1901	172614.3125
1902	200444.5
1903	139923.0313
1904	194652.8125
1905	139245.9375
1906	297350.3438
1907	186488.8125
1908	169413.5781
1909	181370.7344
1910	177336.7813
1911	178955.75
1912	141712.5313
1913	170118.8125
1914	162263.2656
1915	165075.75
1916	184390.5781
1917	203888.4688
1918	166782.7031
1919	122193.3438
1920	138133.4375
1921	145952.7813
1922	173147.5469
1923	141246.2813
1924	144436.8125
1925	180451.9531
1926	174699.0625
1927	200359.6563
1928	163487.5156
1929	163993.9531
1930	192060.6719
1931	169002.375
1932	203377.7813
1933	212236.5938
1934	232907.2031
1935	203149.2813
1936	174254.1719
1937	130221.1719
1938	134263.7188
1939	170702.5
1940	170263.875
1941	199760.4063
1942	214177.9063
1943	171733.2813
1944	148668.0625
1945	128774.1563
1946	193753.6875
1947	149529.4063
1948	212519.1406
1949	133382.4688
1950	207843.6719
1951	221088.1875
1952	210556.5313
1953	204697.0781
1954	175938.1563
1955	176766.6719
1956	127796.9688
1957	187181.3125
1958	173007.25
1959	162958.1719
1960	238341.0781
1961	155235.5781
1962	163077.1719
1963	185796.7656
1964	141017.4688
1965	198664.1094
1966	158059.5313
1967	145203.3125
1968	161415.7188
1969	242501.8906
1970	153949.6406
1971	186088.5
1972	200984.4688
1973	198543.9688
1974	185215.25
1975	189474.2969
1976	156984.7344
1977	191396.4531
1978	149629.2188
1979	183666.1719
1980	101046.7109
1981	151665.3125
1982	167000.7188
1983	189796.5938
1984	152603.5938
1985	160702.7188
1986	212364.9375
1987	158058.6563
1988	200998.3125
1989	144100.4844
1990	196789.2813
1991	232787.5781
1992	132321.2188
1993	175769.5938
1994	205416.6875
1995	172485.4063
1996	164482.5938
1997	185079.1094
1998	163227.0625
1999	161618.9063
2000	202002.0625
2001	179677.875
2002	142705.1719
2003	232817.3438
2004	162770.7188
2005	193287.9375
2006	135831.0938
2007	150647.3125
2008	194367.7344
2009	150700.0938
2010	138475.2188
2011	175630.2813
2012	137286.7031
2013	179163.1719
2014	167090.6875
2015	231251.0625
2016	148139.3594
2017	156825.2656
2018	178853.6406
2019	135662.4844
2020	109924.3281
2021	172664.8594
2022	151070.4219
2023	171057.6875
2024	192364.2344
2025	201669.125
2026	159758.8594
2027	231136.1563
2028	164471.5781
2029	205107.1563
2030	157601.5313
2031	123678.4922
2032	153386.2656
2033	156490.4531
2034	194776.9844
2035	174503.9219
2036	201050.5938
2037	146921.8438
2038	114247.6563
2039	156209.3438
2040	122178.375
2041	193081.2813
2042	150702.4844
2043	183232.8906
2044	193838.3906
2045	207952.1406
2046	127552.2969
2047	193399.0781
2048	194716.3594
2049	192084.4375
2050	197999.8281
2051	160044.8438
2052	159042.3594
2053	217956.8281
2054	207765.1719
2055	183210.2188
2056	241829.8281
2057	152436.1563
2058	220434.6875
2059	190182.5625
2060	184805.7031
2061	144538.1406
2062	146864.7813
2063	141590.9375
2064	158741.1875
2065	198617.2188
2066	184842.6719
2067	201365.9531
2068	161898.3438
2069	199633.0156
2070	191736.7344
2071	189020.8906
2072	131642.6094
2073	165817
2074	170199.5313
2075	240184.1563
2076	201175.4375
2077	212829.5
2078	178924.9063
2079	194532.2344
2080	191658.6563
2081	174062.7188
2082	166262.2813
2083	174773.9063
2084	231846.5156
2085	150432.3594
2086	197225.375
2087	202419.1094
2088	226863.625
2089	159140.3125
2090	219908.1563
2091	147314.6094
2092	142763.375
2093	170028.1875
2094	203870.5938
2095	180181.2031
2096	154605.8906
2097	148000.7344
2098	182393.375
2099	204957.0156
2100	172340.875
2101	192106.8906
2102	176413.6719
2103	202322.5313
2104	147984.3438
2105	206065.5938
2106	181238.2188
2107	189237.3438
2108	232941.125
2109	162614.9063
2110	199021.8125
2111	132632.9844
2112	160516.9063
2113	176155.4063
2114	162211.375
2115	196448.6094
2116	184109.0313
2117	180756.1563
2118	185714.375
2119	138852.1875
2120	175903.1563
2121	158081.375
2122	153113.3438
2123	161639.1563
2124	150411.7813
2125	131333.8438
2126	214018.6406
2127	184641.8125
2128	150853.75
2129	193719.4375
2130	203811.1875
2131	148304.875
2132	182305.3438
2133	182156.2813
2134	232127.625
2135	168540.1406
2136	179735.375
2137	178910.3438
2138	229042.8906
2139	181232.1875
2140	194496.3281
2141	155716.0625
2142	152155.5781
2143	171046.2813
2144	168124.75
2145	195692.7969
2146	183861.125
2147	150001.6719
2148	227655.0469
2149	214950
2150	168862.9531
2151	99816.32813
2152	132678.2656
2153	121746.2813
2154	151766.6563
2155	158333.5313
2156	144117.7656
2157	182714.2969
2158	171393.3438
2159	192619.1719
2160	210345.2344
2161	213862.1875
2162	172043.8594
2163	154743.7188
2164	177002.375
2165	186191.2031
2166	191805.25
2167	188292.2656
2168	165041.7031
2169	159811.7656
2170	154551.7813
2171	157474.8906
2172	198926.6094
2173	152028.5625
2174	177627.0156
2175	160560.8594
2176	149341.0469
2177	177465.6094
2178	162777.3594
2179	173421.5
2180	154936.8594
2181	139309.375
2182	174623.4688
2183	178463.0781
2184	186855.1719
2185	155410.8125
2186	143807.9531
2187	144352.6094
2188	187267.5313
2189	151410.5
2190	249176.5625
2191	153971.125
2192	170548.0625
2193	181310.2031
2194	130266.3203
2195	160727.0469
2196	158931.2813
2197	228313.2813
2198	137837.4063
2199	170948.75
2200	204820
2201	207305.625
2202	149095.5
2203	180850.0938
2204	188038
2205	138249.0781
2206	163051.8906
2207	181375.5156
2208	151988.7188
2209	190478.6719
2210	201310.7344
2211	190227.0938
2212	185115.75
2213	278667.6563
2214	171751.8281
2215	184963.9219
2216	183409.1875
2217	191202.2031
2218	179459.3125
2219	160699.0938
2220	167314.375
2221	210514.9063
2222	189768.7813
2223	197127.9688
2224	168540.8438
2225	140786.1719
2226	176949.4844
2227	172231.9531
2228	149287.125
2229	179466.375
2230	194910.8125
2231	206059.8125
2232	87568.23438
2233	167213.6406
2234	151510.4688
2235	185674.2031
2236	212905.8438
2237	184257.2188
2238	168366.1094
2239	167926.9375
2240	178214.4063
2241	179117.875
2242	163989.8594
2243	152602.4688
2244	181544.3281
2245	182701.6406
2246	153622.0781
2247	182556.3125
2248	167327.6719
2249	170479.6094
2250	190517.2656
2251	110085.9531
2252	197909.0625
2253	217928.9688
2254	251737.6563
2255	196402.8594
2256	152754.6406
2257	154768.3438
2258	161565.0938
2259	246756.9375
2260	203850.2969
2261	185574.9531
2262	206335.6406
2263	167390.4844
2264	164740.8125
2265	216684.5781
2266	156333.8906
2267	171890.75
2268	184464.8594
2269	171802.2813
2270	227933.5938
2271	199900.7813
2272	177697.625
2273	211188.5
2274	171793.625
2275	182974.5625
2276	151631.7188
2277	207986.9688
2278	150796.2031
2279	158638.9375
2280	168796.6875
2281	178913.6563
2282	135486.1719
2283	173434.4688
2284	174410.4844
2285	154542.5
2286	199130.6563
2287	167374.6094
2288	141990.0781
2289	171069.125
2290	199620.8125
2291	179496.0313
2292	158541.0156
2293	118137.3594
2294	164518.375
2295	197162.7188
2296	159954.1094
2297	164906.4531
2298	225415.4688
2299	127336.9688
2300	148447.9063
2301	135760.2188
2302	176289.2344
2303	219261.8594
2304	171200.6406
2305	182381.5469
2306	138663.5781
2307	161516.2813
2308	218901.8281
2309	132615.9844
2310	180008.2188
2311	136974.8125
2312	142712.3594
2313	142738.3125
2314	172729.8906
2315	130406.3828
2316	155875.8438
2317	190279.7656
2318	217393.3438
2319	166318.0156
2320	146559.8594
2321	161725
2322	152193.3438
2323	181204.6875
2324	166459.5156
2325	161580.875
2326	167954.25
2327	104109.1797
2328	147828.8438
2329	200327.625
2330	160879.5313
2331	158746.75
2332	198497.8906
2333	200411.6094
2334	213998.4219
2335	161628.5313
2336	163746.8438
2337	166770.125
2338	152142.5781
2339	164290.6406
2340	159512.375
2341	161877.4063
2342	191752.4375
2343	175527.2031
2344	159059.9531
2345	161983.2031
2346	194187.2188
2347	131890.7813
2348	162379.7188
2349	115887.6641
2350	155300.8906
2351	179062.1875
2352	207491.7813
2353	164075.8906
2354	141872.3594
2355	219844.3906
2356	168366.9531
2357	168360.7344
2358	156792.3906
2359	178451.4063
2360	221596.8438
2361	124302.375
2362	134691.6719
2363	169735.7344
2364	149161.9844
2365	137255.4844
2366	188844.0938
2367	214094.75
2368	161209.3438
2369	243351.7813
2370	240761.5781
2371	234153.0156
2372	174176.0938
2373	163486.5938
2374	164042.8438
2375	180600.7813
2376	183844.6094
2377	160210.7813
2378	171895.2188
2379	177533.4844
2380	167757.625
2381	137716.3438
2382	191175.4688
2383	148616.9688
2384	157187.2344
2385	145233.1563
2386	123014.5938
2387	207590.5156
2388	231560.9219
2389	204789.8906
2390	166092.6094
2391	194364.6719
2392	151667.4531
2393	140051.6094
2394	157168.1406
2395	185674.7344
2396	200381.3594
2397	173929.4531
2398	175678
2399	171009.6875
2400	177540.2344
2401	161108.5
2402	143768.4063
2403	171775.75
2404	154447.9375
2405	200661.4063
2406	178616.4375
2407	147742.1875
2408	154540.6563
2409	141564.9844
2410	111877.7891
2411	188907.9063
2412	153746.7969
2413	168387.6719
2414	161816.125
2415	141375.2188
2416	161303.8125
2417	157381.3438
2418	191236.375
2419	195609.0625
2420	210811.5938
2421	230445.1875
2422	159502.1406
2423	157951.2344
2424	168102.0938
2425	172105.6563
2426	225781.1406
2427	198420.2031
2428	171133.4531
2429	191942.6563
2430	205338.5781
2431	157602.4688
2432	131552.4531
2433	195739.5469
2434	155888.8125
2435	187277.2656
2436	189379.9844
2437	178504.2188
2438	179620.7969
2439	233329.4219
2440	204430.75
2441	140174.2344
2442	145624.75
2443	198005
2444	178782.7969
2445	187311.2188
2446	197518.5625
2447	170956.2969
2448	159081.4531
2449	166108.7344
2450	142997.7031
2451	181720.2188
2452	157184.9063
2453	183841.25
2454	197225.2031
2455	127396.3281
2456	171216.5938
2457	193769.4688
2458	171662.4844
2459	166049.5
2460	197930.8438
2461	137777.0156
2462	130916.9844
2463	188892.5156
2464	209407.2188
2465	176876.875
2466	176485.2188
2467	229473.7813
2468	195621.625
2469	175659.9063
2470	164859.9063
2471	157266.6406
2472	198870.8906
2473	185864.4531
2474	152348.8906
2475	130956.8594
2476	205003.125
2477	161483.7656
2478	184638.1719
2479	181079.8438
2480	197045.2969
2481	187747.2188
2482	129161.5469
2483	230683.5625
2484	189208.4063
2485	181020.5625
2486	220438.4063
2487	133168.3125
2488	167921.9063
2489	176324.6563
2490	215429.2188
2491	169084.6875
2492	173066.7188
2493	142415.7813
2494	154855.1875
2495	176334.6875
2496	198739.8281
2497	184022.4688
2498	177270.875
2499	174444.4375
2500	191261.8438
2501	153917.125
2502	147878.3281
2503	174932.0156
2504	256628.2656
2505	161607.1875
2506	221176.4063
2507	168487.7656
2508	168675.2188
2509	144616.3125
2510	222043.3438
2511	170127.5156
2512	150369.9219
2513	149438.7969
2514	169534.3906
2515	178191.6406
2516	170094.9219
2517	150394.9063
2518	244473.2969
2519	180026.7656
2520	187015.6563
2521	200895.1563
2522	167286.2344
2523	193411.2031
2524	174923.7344
2525	154998.0156
2526	154025.375
2527	155985.9219
2528	139911.1563
2529	200415.4375
2530	139742.8438
2531	159086.9219
2532	174768.4375
2533	131756.7813
2534	162705.6563
2535	114098.6875
2536	160133.0625
2537	186015.3906
2538	163878.8594
2539	127897.4453
2540	129750.2188
2541	193162.6875
2542	171981.7188
2543	154316.6094
2544	213904.5938
2545	172902.9063
2546	152406.625
2547	189113.2031
2548	221766
2549	164854.9063
2550	146348.6875
2551	184574.9375
2552	150283.1875
2553	209402.7656
2554	168352.6563
2555	160282.7344
2556	181496.9375
2557	172536.2813
2558	159046.9375
2559	160494.6406
2560	133465.6719
2561	179142.3594
2562	154164
2563	152900.1563
2564	173478.9375
2565	157123.7969
2566	158253.2969
2567	146342.4219
2568	215730.3438
2569	169668.4063
2570	150172.7188
2571	159499.5625
2572	131148.4375
2573	140341.6406
2574	190424.7656
2575	115876.1016
2576	184020.2969
2577	169248.1563
2578	153241.3594
2579	137642.8906
2580	177128.3594
2581	147844.7031
2582	237081.9063
2583	199149.6094
2584	166400.4844
2585	122542.1563
2586	195271.4375
2587	169426
2588	231618.5
2589	160595.2813
2590	130645.3125
2591	187801.8594
2592	166565.4531
2593	146173.7031
2594	143082.3594
2595	182933.6563
2596	168179.2969
2597	196095.5469
2598	219486.2656
2599	193797.1094
2600	146846.6563
2601	145084.1094
2602	123754.2188
2603	209692.5625
2604	159320.7656
2605	213088.3438
2606	156044.2813
2607	144780.5156
2608	183444.3906
2609	164114.6406
2610	150729.7813
2611	188720.1563
2612	150220.2031
2613	163569.7031
2614	174282.3906
2615	173065.3125
2616	134761
2617	185599.7031
2618	176104.1875
2619	211924.6563
2620	199425.375
2621	202412.6406
2622	178636.0938
2623	214424.7969
2624	167210.8125
2625	214660.9688
2626	140444.7813
2627	186485.9063
2628	218689.4531
2629	162169.6563
2630	182973.6719
2631	183571.0625
2632	180216.1875
2633	147170.2969
2634	140158.4219
2635	232218.0469
2636	196919.9688
2637	141253.2969
2638	170169.25
2639	125086.6406
2640	143713.1563
2641	173801.2656
2642	203511.3906
2643	153106.6563
2644	166703.2969
2645	161856.6563
2646	201419.6094
2647	208456.9063
2648	185113.125
2649	177261.6875
2650	262992.1875
2651	179544.0313
2652	198402.2344
2653	189745.6094
2654	214330.7813
2655	178358.0313
2656	135085.4531
2657	173191.2656
2658	218529.4219
2659	174626.4219
2660	180344.0938
2661	121325.2656
2662	156511.9531
2663	171336.3438
2664	185749.0625
2665	193342.6563
2666	143936.6563
2667	196704.2656
2668	156940.4375
2669	184330.375
2670	158813.7813
2671	155454.4844
2672	163027.9219
2673	136506.5625
2674	182597.8438
2675	133588.6719
2676	175077.1563
2677	180814.1094
2678	168807.7969
2679	215654.9219
2680	249686.9531
2681	216530.1406
2682	198150.3125
2683	202862.9219
2684	170650.9844
2685	174698.8594
2686	167874.1875
2687	156918.5
2688	155866.5469
2689	165762.2813
2690	218952.0938
2691	158572.4219
2692	186159.9531
2693	260599.4375
2694	210673.7344
2695	145039.4063
2696	167956.4688
2697	133467.1875
2698	140719.7813
2699	176549.4063
2700	182149.7031
2701	129399.4375
2702	190997.875
2703	97628.85938
2704	184123.1563
2705	160889.8125
2706	127732.4531
2707	228209.3125
2708	162492.6563
2709	133998.4844
2710	192419.5625
2711	224576.0781
2712	192061.125
2713	161933.5
2714	178777.7188
2715	177207.4219
2716	123121.4531
2717	157520.4219
2718	202209.3438
2719	189871.7813
2720	219702.0938
2721	126700.2969
2722	238507.2813
2723	127109.7813
2724	153139.3438
2725	120397.3594
2726	149960.8594
2727	168911.5
2728	136822.3906
2729	178778.0469
2730	173121.6875
2731	178251.875
2732	154908.8438
2733	174817.875
2734	134735.6875
2735	173118
2736	167093.5469
2737	145127.9531
2738	159607.7813
2739	174887.2656
2740	166887.125
2741	137383.2813
2742	170398.2656
2743	183146.625
2744	164399.3125
2745	157086.5
2746	168155.4844
2747	197271.4063
2748	165386.4219
2749	185942.4688
2750	173462.7813
2751	143345.5156
2752	180932.7969
2753	182605.8594
2754	230321.0938
2755	194095.9844
2756	176061.4688
2757	185566.1094
2758	164226.875
2759	184211.75
2760	148486.0313
2761	172783.8281
2762	179398.8281
2763	195935.8906
2764	170250.6719
2765	173079.625
2766	226500.1094
2767	170275.9531
2768	206802.0781
2769	188502.4063
2770	173821.6875
2771	206321
2772	195639.5156
2773	218558.6094
2774	204759.5469
2775	149610.9531
2776	195631.4844
2777	179909.9375
2778	173918.7344
2779	222510.6563
2780	210735.1406
2781	176650.3125
2782	212144.9375
2783	161725.25
2784	162522.8438
2785	157309.4063
2786	180429.375
2787	167471.8281
2788	178706.4531
2789	227420.0156
2790	172939.3281
2791	175252.2344
2792	193866.7969
2793	112785.7344
2794	128124.2031
2795	182939.2031
2796	166293.9375
2797	149746.5
2798	175763.1563
2799	167963.4688
2800	162225.0938
2801	163322.3438
2802	173491.5625
2803	188831.9063
2804	142677.625
2805	130382.0313
2806	190111.375
2807	148126.6719
2808	232761.75
2809	147613.3594
2810	157327.7031
2811	175322.6094
2812	156884.625
2813	209857.125
2814	187940.1563
2815	163568.3438
2816	107017.625
2817	176970.8438
2818	227343.6406
2819	160373.25
2820	202319.7031
2821	170687.0781
2822	169160.4063
2823	148812.0469
2824	242284.375
2825	159082.875
2826	194616.9063
2827	185277.5313
2828	186767.8281
2829	146969.8438
2830	184440.7344
2831	174052.7813
2832	140717
2833	193468.5938
2834	178886.7656
2835	161264.125
2836	174354.0625
2837	236220.6094
2838	203418
2839	160860.625
2840	129452.4531
2841	137590.1094
2842	170324.7031
2843	134649.4688
2844	130204.0703
2845	230015.8125
2846	184658.7969
2847	193831.4375
2848	221876.5625
2849	199423.7969
2850	130387.0391
2851	179986.8125
2852	154694.7813
2853	158907.5313
2854	175590.6563
2855	134975.9063
2856	181782.3594
2857	218328.7188
2858	131937.7031
2859	188263.4531
2860	150840.5469
2861	166739.25
2862	140739.8438
2863	191932.75
2864	119829.1953
2865	155696.2656
2866	168111.8281
2867	161271.6563
2868	162409.6563
2869	154836
2870	177072.4844
2871	136632.2188
2872	157252.7813
2873	185503.5938
2874	208006.6406
2875	209843.5938
2876	127036.4375
2877	183423.4844
2878	167198.375
2879	195041.0156
2880	142618.6563
2881	168169.2031
2882	203352.2188
2883	169860.8125
2884	147967.0625
2885	139383.2188
2886	168949.5781
2887	212935.2969
2888	141398.6719
2889	214145.7188
2890	197847.0938
2891	129621.2344
2892	191938.5
2893	235747.875
2894	159224.8906
2895	204357.25
2896	144175.7813
2897	176946.8281
2898	176815.125
2899	177319.0625
2900	151940.375
2901	180994.2813
2902	146965.2344
2903	196236.2031
2904	158543.5938
2905	157144.75
2906	167839.9219
2907	124898.1094
2908	161223.3594
2909	151599.4375
2910	175568.5
2911	225543.25
2912	163240.7813
2913	152737.3125
2914	178927.5
2915	214414.9688
2916	148008.4844
2917	149691
2918	123914.2344
2919	201744.7813
2920	157469.125
2921	140255.5625
2922	157552.25
2923	123766.625
2924	208019.25
2925	144636.0938
2926	168429.0781
2927	147425.4375
2928	196565.1563
2929	117366.8672
2930	154656.2031
2931	125420.2813
2932	125719.5625
2933	176298.75
2934	171715.3281
2935	195966.125
2936	244205.1563
2937	203304.3594
2938	199667.7656
2939	174051.1875
2940	115877.9609
2941	170495.1094
2942	144687.1563
2943	200351.375
2944	230552.4844
2945	182428.625
2946	170784.6875
2947	150355.2813
2948	154356.0313
2949	163656.5156
2950	176891.4531
2951	166453.8906
2952	222930.5313
2953	184800.3594
2954	138624.625
2955	125123.9531
2956	125582.9688
2957	168634.4531
2958	183747.5625
2959	181329.4375
2960	176061.9688
2961	174910.5938
2962	160587.4688
2963	167144.2344
2964	151139.4531
2965	161979.3281
2966	169898.125
2967	254667.5781
2968	245335.9219
2969	143763.9063
2970	168695.9844
2971	184316.8125
2972	188211.3906
2973	256695.2813
2974	161434.9219
2975	152207.375
2976	163331.5156
2977	177100.4688
2978	150978.4844
2979	160420.1719
2980	163762.875
2981	105492.375
2982	231594.5781
2983	170714.4375
2984	208178.5313
2985	187941.5781
2986	139207.3906
2987	173692.8281
2988	177902.6719
2989	145912.0156
2990	157871.0625
2991	144816.3125
2992	162023.6563
2993	217858.2344
2994	139769.25
2995	156261.7656
2996	153510.0781
2997	184327.1719
2998	181214.6563
2999	180858.7813
3000	210698.1406
3001	238149.125
3002	200717.4219
3003	164470.1406
3004	209217.7813
3005	165035.4688
3006	195738.6094
3007	156083.8281
3008	199489.7656
3009	168955.5469
3010	178163.1719
3011	153491.0781
3012	167463.9531
3013	186746.6094
3014	172830
3015	222736.3125
3016	171908.0156
3017	135022.0938
3018	153369.0625
3019	151274.9844
3020	180419.7813
3021	193672.0469
3022	124390.9141
3023	222566.0938
3024	164157.4063
3025	195844.0625
3026	190454.3125
3027	217574.8125
3028	169004.875
3029	181986.3906
3030	166915
3031	132782.4219
3032	145026.5781
3033	159725.0313
3034	118942.8906
3035	199437.6406
3036	157019.8438
3037	167991.5625
3038	178947.4531
3039	199516.5156
3040	231023.2188
3041	225903.125
3042	177515.4219
3043	140265.9375
3044	178982.4688
3045	150657.3906
3046	195594.0781
3047	188091.25
3048	170246.4688
3049	194478.6719
3050	171538.7344
3051	197842.1094
3052	191868.7188
3053	128025.0156
3054	185647.8281
3055	184979.8125
3056	151700.1563
3057	199406.1094
3058	165374.25
3059	175682.0938
3060	173843.375
3061	143673.8125
3062	132674.6563
3063	188034.9375
3064	193447.75
3065	175385.9688
3066	152894.1563
3067	194805.0938
3068	149508.0156
3069	203555.6719
3070	176527.5469
3071	161532.1094
3072	145851.4688
3073	218170.1875
3074	159545.1563
3075	173834.4844
3076	141204.7813
3077	138742.8906
3078	141611.1563
3079	175905.125
3080	223467.1875
3081	205149.0469
3082	184841.2188
3083	177807.6563
3084	160365.4063
3085	161363.5313
3086	150375.4531
3087	143994.7344
3088	172176.3906
3089	122237.9141
3090	193932.1563
3091	190439.5781
3092	173978.2813
3093	175025.0781
3094	210559.1875
3095	185694.625
3096	144151.125
3097	167038.875
3098	164989.9531
3099	187976.2031
3100	152361.1563
3101	213402.5
3102	191634.5313
3103	142800.5781
3104	142246.9688
3105	144021.4219
3106	170964.2188
3107	130344.3047
3108	146870.1563
3109	167520
3110	180706.7656
3111	162750.9219
3112	124186.1563
3113	176105.4688
3114	162665.4063
3115	179938
3116	145717.625
3117	185955.125
3118	187647.7969
3119	159756.1094
3120	175350.5469
3121	187465.5625
3122	179096.125
3123	179040.1563
3124	194060.0938
3125	149753.3906
3126	147659.5156
3127	201214.4844
3128	180196.8125
3129	164774.1094
3130	140620.3594
3131	149867.5469
3132	163178.3438
3133	177695.875
3134	186975.7813
3135	187967.5625
3136	191093.7969
3137	199310.3281
3138	175407.2813
3139	160593.2969
3140	180839.125
3141	164326.1719
3142	154383.6563
3143	183529.8281
3144	163628.4844
3145	196082.9063
3146	217552.2656
3147	231486.9844
3148	135967.0625
3149	148214.7188
3150	167864.4844
3151	171292.75
3152	170199.3594
3153	179286.5
3154	206858.2031
3155	127659.0625
3156	216903.2188
3157	174018.8594
3158	192794.5469
3159	136230.7969
3160	222617.3438
3161	204917.9531
3162	201665.6875
3163	146382.3438
3164	148204.9688
3165	147808.5938
3166	188297.0469
3167	221498.4688
3168	168654.3125
3169	201322.8281
3170	184467.6719
3171	202608.0156
3172	181751.25
3173	132132.5938
3174	161234
3175	180756.1719
3176	220446.8281
3177	161488.0938
3178	193778.5313
3179	150738.8438
3180	132583.0469
3181	235006.8438
3182	187173.2969
3183	168955.4688
3184	189231.25
3185	164185.9844
3186	188823.5625
3187	139479.0625
3188	175450.2813
3189	108414.6094
3190	195414.0156
3191	202258.1563
3192	181927.3125
3193	149755.8125
3194	197323.7188
3195	174589.5938
3196	180471.4531
3197	181747.0938
3198	174168.5938
3199	150990.4531
3200	166853.8438
3201	175285.5469
3202	133601.4688
3203	135784.0156
3204	274182.25
3205	200829.875
3206	213847.7188
3207	218200.1563
3208	179278.8281
3209	241681.5313
3210	158940.4063
3211	177098.6094
3212	163868.3281
3213	143590.9063
3214	151790.5781
3215	143181.6875
3216	166921.3594
3217	154485.3906
3218	189566.9844
3219	144513.0781
3220	186316.1563
3221	184914.8594
3222	161039.0469
3223	176432
3224	178639
3225	198029.1875
3226	139724.2813
3227	236569.2031
3228	145199.0313
3229	150547.9844
3230	151482.1563
3231	206371.625
3232	145699.5625
3233	191511.6563
3234	211838.1875
3235	204229.2969
3236	167626.0469
3237	184294.3594
3238	183901.0313
3239	160281.375
3240	149737.1406
3241	146503.9063
3242	176041.6875
3243	170820.2813
3244	227265.4531
3245	211779.4063
3246	233709.1875
3247	174473.8125
3248	174134.3438
3249	195702.3438
3250	97708.05469
3251	156940.6719
3252	208835.5156
3253	243032.2188
3254	177987.9375
3255	162518.1406
3256	166138.125
3257	169303.7344
3258	168683.4688
3259	141999.8281
3260	170844.9219
3261	162517.2969
3262	197991.3438
3263	152719.0156
3264	201772.9219
3265	204336.7969
3266	150989.3125
3267	197403.6563
3268	169333.8125
3269	204912.2344
3270	204161.1563
3271	162083.8125
3272	158366.3125
3273	126523.5156
3274	147393.2188
3275	168924.4375
3276	132152.2031
3277	189492.7188
3278	157993.1406
3279	158862.4219
3280	178581.625
3281	112504.0156
3282	142866.625
3283	172243.2344
3284	164079.8438
3285	201475.9375
3286	159848.7188
3287	158352.2344
3288	139748.2813
3289	172976.3125
3290	139710.6563
3291	179060.3438
3292	193950.3906
3293	221624.9375
3294	210035.0625
3295	195698.2188
3296	176328.375
3297	186181.6875
3298	191166.0625
3299	145521.3594
3300	207374.3594
3301	175606.9063
3302	190483.7188
3303	172905.6875
3304	185875.3125
3305	141588.5
3306	181253.5156
3307	186479.5781
3308	167981.5156
3309	185761.4375
3310	152861.4063
3311	178546.3125
3312	163242.25
3313	130619.2656
3314	126664.7656
3315	176937.9531
3316	125004.5625
3317	190036.1719
3318	195030
3319	231840.4063
3320	189027.9063
3321	165607.3125
3322	215638.7188
3323	138804.625
3324	116493.7813
3325	200243.7813
3326	137412.9844
3327	241809.3594
3328	302943.6875
3329	162625.1094
3330	159226.0781
3331	184818.6563
3332	197632.125
3333	135668.5469
3334	153711.3594
3335	179342.2656
3336	191639.8281
3337	128698.7969
3338	170827.9063
3339	140824.9688
3340	150231.625
3341	202049.625
3342	188848.0313
3343	211849
3344	196284.7188
3345	159475.1719
3346	194053.5469
3347	155370.375
3348	168625.9375
3349	205171.5781
3350	179320.1563
3351	135341.625
3352	181307.5313
3353	154425.4375
3354	204425.3281
3355	165452.8438
3356	165855.6563
3357	170622.3594
3358	169616.4531
3359	171813.75
3360	143216.7031
3361	122105.8594
3362	192520.0781
3363	180451.9688
3364	168701.9219
3365	197875.75
3366	154120.375
3367	163059.0313
3368	159720.0625
3369	222982.4688
3370	179225.4375
3371	188654.1719
3372	167432.8906
3373	207391.5469
3374	191763.75
3375	140197.4531
3376	125753.6016
3377	166361.3438
3378	187851.4688
3379	145457.0781
3380	187025.25
3381	148951.8125
3382	161861.9688
3383	170698.2031
3384	170717.6563
3385	160506.3125
3386	166358.1406
3387	193683.125
3388	170375.8594
3389	172031.0625
3390	223695.4063
3391	195792.1094
3392	163631.9375
3393	169582.1406
3394	180080.6563
3395	151657.3438
3396	220688.6719
3397	178975
3398	149199.0781
3399	122483.8594
3400	186450.9844
3401	216711.7813
3402	199961.8906
3403	115196.3594
3404	192396.5469
3405	184840.0781
3406	162492.7188
3407	136435.7656
3408	163143.5313
3409	209986.5313
3410	149014.4531
3411	162523.6719
3412	102339.0313
3413	150564.6563
3414	213705.0625
3415	181753.1875
3416	191120.4063
3417	165086.9375
3418	149322.6875
3419	136528.2969
3420	155459.7813
3421	203561.9219
3422	149179.1563
3423	190935.5313
3424	169209.5
3425	151888.5313
3426	188573.1406
3427	166096.3906
3428	180204.4844
3429	181634.7813
3430	145700.3125
3431	167378.7656
3432	165242.7813
3433	129177.9063
3434	233792.3438
3435	150318.0156
3436	150558.9688
3437	183406.7344
3438	199312.2656
3439	174946.3906
3440	135527.0469
3441	142367.0313
3442	175070.2188
3443	143810.3125
3444	202557.1563
3445	133916.7344
3446	157191.9531
3447	161563.1719
3448	114170.9844
3449	183931.1875
3450	171897.5156
3451	186759.4063
3452	178217.8125
3453	198971.375
3454	240798.6406
3455	150569.5625
3456	147712.5
3457	248977.5156
3458	203571.2031
3459	164630.2969
3460	197973.25
3461	152879.125
3462	134239.4844
3463	199785.9063
3464	153045.9063
3465	213449.0313
3466	198652.6406
3467	183289.8438
3468	247170.4688
3469	170214.9531
3470	234213.7969
3471	163498.5938
3472	166648.4375
3473	170954.6094
3474	206635.6094
3475	156128.3125
3476	155958.2188
3477	134439.7031
3478	131483.9219
3479	246507.3125
3480	148714.3906
3481	159380.625
3482	156719.0938
3483	156473.0156
3484	199581.625
3485	157011.0625
3486	178898.6406
3487	155652.6875
3488	147623.0469
3489	230869.375
3490	181888.2813
3491	218708.7969
3492	192958.3438
3493	208102.8906
3494	144578.5938
3495	196664.875
3496	162984.5625
3497	199088.7656
3498	202817.5625
3499	155491.625
3500	197397.7188
3501	187188.5
3502	170738.5781
3503	161971.9844
3504	199418.2813
3505	185127.7656
3506	210001.5156
3507	178072.1094
3508	197997.0156
3509	161088.2188
3510	199846.7031
3511	179938.5313
3512	162245.9688
3513	140269.7188
3514	190299.1406
3515	160713.3594
3516	181674.4688
3517	184741.3438
3518	210749.75
3519	156137.4063
3520	214787.7188
3521	169408.1563
3522	204176.3594
3523	209749.875
3524	147360.9219
3525	149207.4219
3526	133093.125
3527	193609.6719
3528	186024.9375
3529	212955.4688
3530	207615.5781
3531	209411.75
3532	151865.9531
3533	172433.3906
3534	147390.0625
3535	155804.8906
3536	180165.3594
3537	154973.4688
3538	213694.3438
3539	165259.1875
3540	213097.375
3541	184692.3281
3542	179177.375
3543	197046.0313
3544	186360.125
3545	201663.9375
3546	190939
3547	122680.25
3548	163300.0938
3549	157076.7813
3550	154143.4375
3551	243483.4844
3552	127737.4922
3553	192218.125
3554	148411.3125
3555	127118.0156
3556	166343.25
3557	178778.5313
3558	123622.2188
3559	188620.5
3560	155450.9063
3561	140160.1406
3562	184913.8281
3563	149373.5
3564	172052.6719
3565	203626.3281
3566	185032.6875
3567	220487.7969
3568	141461.3594
3569	191080.4531
3570	156323.2656
3571	134914.5781
3572	183840.1563
3573	130846.9844
3574	180607.9375
3575	176741.0625
3576	159520.1875
3577	181103.2344
3578	175249.375
3579	187752.6563
3580	182905
3581	128376.7188
3582	209578.5156
3583	155834.75
3584	137526.1719
3585	231389.6094
3586	160703.3438
3587	182416.4219
3588	166073.4688
3589	191278.9063
3590	170242.8594
3591	152111.9375
3592	158020.8281
3593	188446.8281
3594	158649.5625
3595	196679.4375
3596	138831.9063
3597	131707.5313
3598	153556.9063
3599	186964.8594
3600	182955
3601	212064.8594
3602	204938.3594
3603	216920
3604	189817.2188
3605	144344.2969
3606	169768.5781
3607	141626.375
3608	171477.2969
3609	200013.4063
3610	164375.8438
3611	192352.4375
3612	167824.1406
3613	173767.9844
3614	157671.3438
3615	162960.3594
3616	124920.875
3617	162618.7656
3618	161644.1406
3619	170280.2188
3620	151447.5938
3621	182380.2656
3622	177747.5781
3623	139367.3906
3624	220164.8594
3625	159626.8438
3626	250050.5625
3627	188556.8594
3628	200392.6563
3629	120877.3438
3630	188287.4219
3631	160084.6094
3632	184388.8906
3633	214446.0625
3634	174951.375
3635	182604.6563
3636	151650.2969
3637	154854.3125
3638	151751.1094
3639	139588.3281
3640	153581.0313
3641	191906.1094
3642	180703.1719
3643	146007.125
3644	151631.3438
3645	155319.9063
3646	157451.8906
3647	176148.9688
3648	182962.8594
3649	183155.9531
3650	187769.5
3651	190290.6719
3652	143446.1875
3653	184006.3281
3654	170503.2031
3655	129180.2031
3656	116834.8281
3657	195209.2344
3658	224333.9688
3659	178717.8594
3660	165583.4531
3661	184115.8125
3662	161012.125
3663	183424.7969
3664	194733.2813
3665	196112.9375
3666	223370.0781
3667	205140.9063
3668	163343.0156
3669	181816.5469
3670	152251.4063
3671	147587.5625
3672	162926.3438
3673	162288.6406
3674	226603.6719
3675	157672.3594
3676	160850
3677	219354.625
3678	135532.9844
3679	190228.4375
3680	138125
3681	143749.5313
3682	152535.8438
3683	131681.0625
3684	160767.9375
3685	161493.5938
3686	181377.3594
3687	213208.5
3688	185705.4688
3689	184805.2813
3690	127992.0781
3691	176143.5781
3692	227111.375
3693	182327.6719
3694	144200.1875
3695	131308.4063
3696	122326.9922
3697	230584.7344
3698	193786.3906
3699	184115
3700	156159.9531
3701	185961.6563
3702	163314.75
3703	195038.9844
3704	210676.875
3705	177662.9063
3706	171735.6719
3707	213420.1094
3708	200708.4375
3709	177809.25
3710	150662.9375
3711	171427.9219
3712	184670.2969
3713	177743.625
3714	139995.25
3715	192938
3716	215451.6563
3717	188560.7031
3718	151201.4375
3719	199468.0156
3720	161686.375
3721	157307.2813
3722	197383.7969
3723	148536.3281
3724	149278.0469
3725	197870.375
3726	190528.9531
3727	113046.9141
3728	155642.6719
3729	115202.125
3730	155306.0781
3731	212077.8125
3732	154692.9688
3733	171473.7813
3734	129053.2813
3735	180716.0313
3736	144327.9375
3737	160835.6719
3738	167961
3739	154507.0156
3740	207523.0625
3741	156581.3438
3742	188012.3594
3743	184819.0938
3744	160476.5781
3745	109716.7813
3746	136353.3125
3747	147488.7188
3748	139336.1094
3749	107273.1094
3750	143749.0938
3751	192870.5469
3752	175317.4688
3753	158263.875
3754	190225.3594
3755	192999.3125
3756	197309.5
3757	139808.8594
3758	144649.6406
3759	140329.125
3760	193847
3761	164470.6875
3762	169215.4219
3763	196547.0625
3764	157915.6719
3765	156387.1875
3766	135704.7188
3767	218874.4063
3768	209101.4531
3769	146265.5
3770	172002.0625
3771	163828.0938
3772	176128.3438
3773	156596.9063
3774	171770.7188
3775	172277.9375
3776	126564.0781
3777	190853.7969
3778	164199.6563
3779	173396.8594
3780	191764.4844
3781	150934.8125
3782	223703.1094
3783	165751.1094
3784	161143.3906
3785	188440.625
3786	162309.8125
3787	186225.7031
3788	176406.8125
3789	178410.5938
3790	217703.0781
3791	185109.6094
3792	169415.1875
3793	223961.6875
3794	172698.2813
3795	194647.6406
3796	197847.9688
3797	143329.2031
3798	185865.1094
3799	206772.2188
3800	161046.1406
3801	169174.7031
3802	177021.9375
3803	116852.1875
3804	165987.6719
3805	187304.9844
3806	146551.375
3807	146367.25
3808	201753
3809	202357.2188
3810	139180.2344
3811	186429.9063
3812	180867.5313
3813	136037.4375
3814	187185.9375
3815	133040.375
3816	163193.3438
3817	179970.9375
3818	188361.2656
3819	202948.6094
3820	219423.3906
3821	176234.4219
3822	159174.4375
3823	144045.5625
3824	177778.0313
3825	171690.0469
3826	168282.3281
3827	194559.8438
3828	183605.375
3829	180332.2188
3830	211974.0938
3831	190298.0938
3832	200547.6875
3833	200731.6094
3834	171248.3594
3835	166218.7188
3836	186202.5156
3837	147711.6563
3838	172397.8281
3839	228781.3125
3840	149507.4531
3841	159790.625
3842	159822.2188
3843	179984.5781
3844	135379.7344
3845	186224.7031
3846	161621.7344
3847	176697.3438
3848	152048.9375
3849	186589.3594
3850	202464.2969
3851	220428.7656
3852	198672.0625
3853	203185.4063
3854	141931.6875
3855	168959.0313
3856	132574.1563
3857	216810.9375
3858	197168.9063
3859	204242.4688
3860	165303.6719
3861	187387.3125
3862	163423.3906
3863	121563.4531
3864	179296.2031
3865	208736.5156
3866	142271.25
3867	175981.0156
3868	126482.2656
3869	179585.25
3870	175273.875
3871	158493.4688
3872	163758.2188
3873	157023.6875
3874	180580.9219
3875	138741.3125
3876	152871.8125
3877	191148.5781
3878	170968.875
3879	145900.9688
3880	181506.4063
3881	184053.9375
3882	169198.4688
3883	149474.5
3884	173616.875
3885	175205.3125
3886	208576.5625
3887	199773.7969
3888	147961.2969
3889	132442.2188
3890	149339.5938
3891	175464.5156
3892	143065.3438
3893	139771.6875
3894	171085.0469
3895	181941.7344
3896	154608.1719
3897	118617.5156
3898	174819.0313
3899	170603.4531
3900	139355.9688
3901	180193.7031
3902	166323.3281
3903	142299.3438
3904	148442.1875
3905	176111.6406
3906	174271.1406
3907	179884.4063
3908	156104.0156
3909	206284.1719
3910	159844.1406
3911	154588.125
3912	215278.1094
3913	183795.1719
3914	134818.9688
3915	174064.9063
3916	137481.0781
3917	208043.3906
3918	145113.9688
3919	159120.3594
3920	160569.9375
3921	162459.8438
3922	106496.9375
3923	125845.9844
3924	164614.0469
3925	246156.6563
3926	124985.6328
3927	209323.6719
3928	143058.9688
3929	159158.5938
3930	123206.7422
3931	202288.875
3932	200522.1094
3933	219085.875
3934	210879.1875
3935	147459.9844
3936	188134.7344
3937	221934.875
3938	238554.125
3939	139876.9063
3940	207576.5313
3941	122463.9531
3942	137089.4531
3943	184427.375
3944	138036.6719
3945	181386.6875
3946	178599
3947	139646.4531
3948	164661.8594
3949	178436.2813
3950	144683.5625
3951	207196.1094
3952	249632.7031
3953	172046.1406
3954	156745.75
3955	193916.1719
3956	224826.4219
3957	175535.6875
3958	188525.5625
3959	174678.9063
3960	145286.7188
3961	125628.3125
3962	171888.4375
3963	165707.9219
3964	186942.2969
3965	185736.0781
3966	139202.6563
3967	171184.3438
3968	153040.0156
3969	151255.9531
3970	166061.6406
3971	111806.8672
3972	154661.3125
3973	198266.5469
3974	159591.5625
3975	123959.6094
3976	204149.3125
3977	173041.875
3978	193038.125
3979	201342.7813
3980	178052.5781
3981	156987.5781
3982	147520.9844
3983	168599.9219
3984	164224.6094
3985	150617.5781
3986	146376.6875
3987	169533.4063
3988	176992.6719
3989	147748.125
3990	145552.4688
3991	133511.0469
3992	139723.8125
3993	149859.4219
3994	203423.6406
3995	188937.4063
3996	136064.3594
3997	117122.8438
3998	145466.8125
3999	166824.2188
4000	153591.1875
4001	182920.5625
4002	170546.125
4003	152822.625
4004	148323.3125
4005	188059.375
4006	204333.8438
4007	109187.7969
4008	197906.9375
4009	214495.3438
4010	204013.4688
4011	229081.7813
4012	165853.9375
4013	152985.1094
4014	159577.9531
4015	185709.9688
4016	169458.0313
4017	212188.2344
4018	225623.8125
4019	170972
4020	131240.125
4021	174035.5781
4022	213760.3125
4023	224327.1875
4024	167411.9531
4025	160229.7188
4026	152938.1563
4027	164359.5781
4028	224836.875
4029	180635.2188
4030	187292.6094
4031	179302.9688
4032	134530.0156
4033	164378.2813
4034	132068.3594
4035	203770.125
4036	164815.3906
4037	213234.1563
4038	159490.4844
4039	142040.25
4040	184986.7813
4041	133608.3594
4042	183722.7969
4043	222642.0781
4044	256919.7031
4045	180747.5469
4046	193297.6875
4047	172301.9063
4048	200282.8125
4049	106987.8438
4050	161779.0469
4051	209383.3906
4052	158561.4219
4053	172800.6406
4054	198961.7969
4055	162710.5313
4056	174544.125
4057	167763.0313
4058	167094.6094
4059	171588.4063
4060	160853.7813
4061	193756.2813
4062	254930.5781
4063	112955.2344
4064	169573.6406
4065	218700.1875
4066	120192.0391
4067	181946.9219
4068	162319.6719
4069	185277.1719
4070	140599.5938
4071	193922.4531
4072	181030.9531
4073	156964.2969
4074	145314.5469
4075	186611.75
4076	197923.7344
4077	268242.2813
4078	168137.7031
4079	188209.7813
4080	201190.3125
4081	164412.6563
4082	154747.2813
4083	207382.0313
4084	229655.0781
4085	155434.5625
4086	149980.7031
4087	195558.5625
4088	157636.4531
4089	199124.6875
4090	169836.7188
4091	216354.9219
4092	183048.4063
4093	140100.6875
4094	136686.3438
4095	179583.5313
4096	134945.7031
4097	180892.8281
4098	181696.75
4099	202101.7188
4100	172097.8438
4101	160022.6406
4102	180295.5
4103	166299.7188
4104	224300.125
4105	150392.9219
4106	187551.125
4107	209833.6406
4108	179074.8281
4109	174320.2813
4110	225270.2969
4111	159865.7344
4112	134755.0625
4113	142310.375
4114	164480.0781
4115	146154.2188
4116	201868.9844
4117	204462.2969
4118	183328.5938
4119	183471.3594
4120	138769.5156
4121	219776.5
4122	162062.4688
4123	179990.9375
4124	202747.2813
4125	162456.2031
4126	196847.25
4127	172420.75
4128	150885.0938
4129	202767.7969
4130	152976.1406
4131	130112.1094
4132	173718.0781
4133	215957.9063
4134	199499.1563
4135	178330.8594
4136	263390.75
4137	112088.75
4138	215800
4139	108858.1094
4140	156573.8906
4141	115845.0547
4142	146260.8125
4143	141539.7813
4144	182848.5625
4145	218136.2031
4146	166293.5938
4147	167496.6406
4148	169859.0625
4149	146455.6719
4150	174990.2188
4151	135212.7969
4152	184535.1094
4153	227256.0938
4154	168616.2188
4155	256527.6563
4156	148949.2656
4157	235245.6719
4158	175630.7188
4159	165028.0938
4160	153224.1875
4161	160991.375
4162	150506.375
4163	188126.625
4164	165886.0469
4165	184279.4531
4166	209335.9844
4167	155685.3594
4168	139723.3281
4169	196063.4844
4170	136109.5
4171	181635.125
4172	185330.125
4173	177222.5
4174	196557.3438
4175	179093.0469
4176	197585.375
4177	149425.0938
4178	175411.1875
4179	187500.9688
4180	175016.2969
4181	162721.875
4182	184374.4375
4183	168555.9219
4184	157759.1094
4185	242280.9063
4186	224229.1719
4187	149814.3438
4188	153289.0469
4189	168033.8125
4190	151467.1563
4191	153653.9688
4192	175562.2188
4193	170253.1719
4194	138432.2031
4195	166018.8906
4196	169346.7031
4197	194414.4531
4198	231028.5313
4199	156562.5469
4200	191215.2188
4201	129404.5625
4202	187160.2188
4203	164679.9375
4204	162295.5469
4205	204539.9531
4206	169085.4375
4207	156499.4844
4208	160018.3594
4209	131315.5625
4210	231906.0781
4211	193732.4844
4212	179662.3125
4213	178873.3281
4214	198395.5156
4215	175207.7188
4216	182340.2969
4217	174816.5938
4218	197814.5313
4219	161305.9844
4220	180518.1563
4221	234815.7969
4222	153965.4063
4223	166789.8125
4224	168182.4375
4225	140422.1563
4226	209750.625
4227	192142
4228	155793.7188
4229	216993.0938
4230	222634.2188
4231	170711.2813
4232	141645.6406
4233	173028.5
4234	198822.6094
4235	149871.3438
4236	159915.9063
4237	135488.9219
4238	152914.5625
4239	137096.8594
4240	205114.5625
4241	165105.1719
4242	175861.9375
4243	154765.5313
4244	149820.1406
4245	165935.7813
4246	198609.9063
4247	185929.3906
4248	140415
4249	182887.4375
4250	128789.6094
4251	150927.7969
4252	187576.8438
4253	205915.7969
4254	230456.3906
4255	159807.4063
4256	159236.5313
4257	185720.4531
4258	184796.1406
4259	184388.9688
4260	192887.7969
4261	184179.2188
4262	165504.7344
4263	131251.7031
4264	209583.25
4265	112720.8594
4266	132840.6875
4267	121817.9219
4268	162733.3906
4269	259422.8594
4270	189179.3125
4271	169363.1563
4272	176412.4688
4273	177701.3125
4274	147054.9531
4275	166728.1406
4276	185888.2656
4277	168252.8906
4278	201216.125
4279	166501.8906
4280	175692.5469
4281	190228.4688
4282	132392.1563
4283	230961.2031
4284	154043.6875
4285	164657.3594
4286	130037.625
4287	150947.9688
4288	168972.375
4289	202962.2969
4290	193854.3594
4291	139960.9375
4292	186414.0938
4293	166216.9063
4294	189606.2031
4295	121301.9844
4296	159430.7188
4297	183737.2188
4298	159387.7344
4299	161540.0938
4300	171859.8438
4301	163099.2188
4302	198498.8906
4303	166739.6719
4304	154105.8125
4305	138318.4688
4306	263402.5
4307	198872.4375
4308	202263.5938
4309	152985.7656
4310	164940.25
4311	215645.4219
4312	194057.0156
4313	181988.5938
4314	124312.4609
4315	235465.1563
4316	161640.2813
4317	164289.9219
4318	142897.875
4319	133796.9219
4320	158344.7344
4321	236586.7188
4322	140672.875
4323	171018.4375
4324	174109.9688
4325	185368.4531
4326	174083.4063
4327	215516.875
4328	215524.6406
4329	201908.4219
4330	221054.4688
4331	132091.1094
4332	181393.0625
4333	119430.5938
4334	163230.5
4335	180214.4531
4336	132266.4688
4337	186551.9688
4338	184920.6094
4339	157783.5313
4340	189725.5313
4341	176941.4063
4342	221504.3281
4343	175193.3438
4344	194963.3594
4345	172153.8906
4346	110241.3281
4347	149303.0938
4348	149972.2969
4349	180183.5313
4350	172597.25
4351	183553.6406
4352	200895.4375
4353	182636.0781
4354	183107.0156
4355	132605.0156
4356	197062.375
4357	182712.9375
4358	163503.5625
4359	187455.625
4360	207524.2188
4361	138270.3125
4362	117877.0156
4363	126614.4453
4364	203974.2344
4365	136117.75
4366	165496.7188
4367	187906.3438
4368	165839.3906
4369	156960.4063
4370	180723.6719
4371	153932.0625
4372	163066.2344
4373	163948.3906
4374	180864.1406
4375	162867.0938
4376	184574.8125
4377	163344.2969
4378	186451.2031
4379	178417.0625
4380	171504.25
4381	196613.2969
4382	218504.3438
4383	184636.375
4384	141608.0625
4385	195259.6563
4386	164621.3281
4387	193123.875
4388	185086.2656
4389	175561.7813
4390	141838.0625
4391	190496.7813
4392	185220.3281
4393	150582.375
4394	151755.7031
4395	136869.4219
4396	200580.8906
4397	159165.5469
4398	181532.8906
4399	181076.125
4400	131076.7969
4401	166384.2969
4402	213728.9219
4403	114527.3906
4404	162826.7969
4405	189108.25
4406	137829.5781
4407	161670.5156
4408	158125.1875
4409	150758.9844
4410	179250.5938
4411	139074.3281
4412	143620.0938
4413	148257.7813
4414	140716.7813
4415	194347.4219
4416	171020.4375
4417	197990.7969
4418	155279.4063
4419	195925.1719
4420	172774.5313
4421	201831.0469
4422	158302.4531
4423	192149.75
4424	176990.4531
4425	168528.0781
4426	141575.9531
4427	207090.4844
4428	181864.7813
4429	153677.2813
4430	174862.1719
4431	182430.7656
4432	204148.6719
4433	217011.3438
4434	158465.1875
4435	188186.7344
4436	149376.375
4437	158112.7656
4438	199961.5625
4439	190553.3906
4440	154580.5625
4441	175763.7344
4442	185139.2031
4443	146519.2969
4444	154619.1406
4445	130894.7969
4446	127267.2031
4447	180444.1875
4448	182565.5469
4449	163997.375
4450	142728.5469
4451	144574.8438
4452	156609.875
4453	235314.5
4454	169768.8281
4455	166706.2813
4456	241008.5156
4457	214869.5313
4458	131493.25
4459	203708.6875
4460	210617.4219
4461	181483.0938
4462	173022.9844
4463	184236.5625
4464	155325.0625
4465	172256.7813
4466	175776.9063
4467	143003.7656
4468	161486.7969
4469	154041.7813
4470	161281.2813
4471	146402.1875
4472	220329.1406
4473	199240.7188
4474	151564.5
4475	167765.9531
4476	171210.5
4477	199630.0469
4478	221252.2813
4479	190633.625
4480	116611.2813
4481	153224.9688
4482	162439.7813
4483	114047.4766
4484	130552.2813
4485	144100.4219
4486	209280.6719
4487	177348.2031
4488	155148.8125
4489	190576.625
4490	187427.1875
4491	149219.375
4492	173658.0625
4493	172347.6719
4494	117158.5469
4495	190917.9375
4496	179188.8906
4497	201862.3594
4498	203381.5313
4499	148565.3438
4500	165485.1875
4501	126303.0625
4502	175812.1563
4503	211759.4375
4504	175941
4505	179191.5156
4506	178045.2969
4507	170592.5469
4508	147157.0938
4509	163094.7031
4510	172327.1719
4511	185358
4512	111371.2813
4513	178643.4063
4514	201397.4844
4515	170387.5156
4516	194567.7344
4517	169221.5938
4518	156411.1875
4519	231698.3438
4520	160036.9063
4521	185180.0313
4522	158741.3125
4523	200893.125
4524	209896.2813
4525	173653.4219
4526	195108.2031
4527	152730.2188
4528	166117.0938
4529	185601
4530	142853.8594
4531	153684.5
4532	159291
4533	167378.4531
4534	134460.2188
4535	142389.4219
4536	187966.5
4537	191774.625
4538	152663.6875
4539	183216.5625
4540	155174.9844
4541	200444.625
4542	216113.4844
4543	150634.7813
4544	181417.7813
4545	156392.0156
4546	264753.6875
4547	164778.2188
4548	155268.2188
4549	175123.6875
4550	174894.4063
4551	140926.7344
4552	195310.0625
4553	166882.0938
4554	148404.3125
4555	158848.2031
4556	178554.2031
4557	171282.2813
4558	175378.8125
4559	149316.6563
4560	145077
4561	150102.9219
4562	232457.6875
4563	124616.7344
4564	153609.6875
4565	142838.5156
4566	200982.5469
4567	182359.7656
4568	156613.9375
4569	119773.8516
4570	211588.0781
4571	145011.1719
4572	146772.4063
4573	209689.4375
4574	162293.5625
4575	173675.8125
4576	186580.7813
4577	150302.5313
4578	165357.6094
4579	220899.2969
4580	186439.0938
4581	169732.8281
4582	151127.3281
4583	147531.3438
4584	229453.3281
4585	178836.625
4586	198110.1875
4587	215466.8125
4588	161857.1719
4589	183550.3281
4590	167025.9375
4591	177149.7188
4592	162692.5938
4593	158238
4594	171886.0938
4595	166098.2188
4596	164451.7344
4597	129231.4141
4598	185399.4844
4599	151051.7031
4600	159087.8438
4601	156782.4531
4602	180131.2031
4603	139531.75
4604	224064.0156
4605	159851.5938
4606	150679.3438
4607	126609.0938
4608	225126.1875
4609	191288.375
4610	169526.4688
4611	202623.2813
4612	168802.8125
4613	173397.2813
4614	165140.875
4615	187022.8906
4616	208749.2344
4617	154829.5
4618	159152.5313
4619	124359.2969
4620	158166.4844
4621	197106.2969
4622	188063.3906
4623	167375.2969
4624	117879.75
4625	211094.5
4626	157383.25
4627	148080.75
4628	168872.6719
4629	155485.25
4630	149085.4219
4631	254713.8906
4632	154888.2656
4633	182865.9688
4634	138708.6563
4635	160347.7031
4636	149525.8594
4637	190439.1875
4638	187050.1719
4639	157222.3438
4640	158485.4688
4641	170661.0781
4642	226120.5781
4643	166462.9844
4644	147005.625
4645	226517.2656
4646	167058.1406
4647	166847.0938
4648	202530.875
4649	150940.1563
4650	249180.6406
4651	198311.5938
4652	154628.3906
4653	158575.7813
4654	166690.5156
4655	162763.9375
4656	161478.1563
4657	153128.4375
4658	183194.7656
4659	203980.75
4660	165130.125
4661	167262.7656
4662	196648.6875
4663	167805.9375
4664	142398.9844
4665	169292.1563
4666	156823.8281
4667	139997.8906
4668	159451.2969
4669	176289.1875
4670	165046.1563
4671	165232.8906
4672	242153.8281
4673	134960
4674	155458.75
4675	172136.9375
4676	150456.5938
4677	197116.6875
4678	169923.4688
4679	175021.2656
4680	215641.9063
4681	165414.625
4682	161884.8281
4683	174005.2031
4684	127506.4844
4685	147798.125
4686	218485.7813
4687	165539.0313
4688	203722.25
4689	202806.3438
4690	169907.7344
4691	176241.6875
4692	270184.4063
4693	186707.2031
4694	162200.4531
4695	161589.9219
4696	173073.875
4697	165142.3281
4698	181136.2188
4699	147454.125
4700	175536.9688
4701	123933.8203
4702	208492.3594
4703	181105.0625
4704	178602.2813
4705	142352.0313
4706	139482.1563
4707	189762
4708	162701.1563
4709	155111.0156
4710	181245.2969
4711	164817.6719
4712	172833.7656
4713	148590.2188
4714	147138.8125
4715	139250.8125
4716	176160.75
4717	168735.8906
4718	219873.6094
4719	200503.2188
4720	191076.2344
4721	241885.9844
4722	149827.1094
4723	175115.8594
4724	194644.8281
4725	150787.6094
4726	137842.4531
4727	188041.9063
4728	153053.1563
4729	203120.9531
4730	185890.7969
4731	200337.4063
4732	161852.9531
4733	165903.25
4734	135349.3281
4735	204534.6406
4736	170335.8125
4737	189970.9375
4738	174688.0625
4739	132758.0781
4740	126647.1875
4741	178322.75
4742	153592.7031
4743	158037.8125
4744	183805.8125
4745	149816.4375
4746	143860.4375
4747	222336.0469
4748	165543.5156
4749	171915.875
4750	125073.6406
4751	143445.0938
4752	177486.7813
4753	247605.1719
4754	168847.8125
4755	183518.9219
4756	170572.125
4757	178815.0625
4758	210406.9063
4759	142235.5156
4760	167674.875
4761	175993.1563
4762	150223.3281
4763	178157.7813
4764	188975.0313
4765	170022.2656
4766	194707.0313
4767	205836.5938
4768	140453.6719
4769	152975.2188
4770	207215.6875
4771	181194.0313
4772	179380.125
4773	201366.5
4774	137212.7344
4775	250747.9688
4776	133692.5781
4777	220616.4531
4778	163145.6094
4779	161678.9531
4780	150824.0156
4781	167900.375
4782	169903.1406
4783	166247.5313
4784	167812.8438
4785	177942.4375
4786	166567.5781
4787	140131.4688
4788	164650.0469
4789	154993.8125
4790	148443.0156
4791	161053.4063
4792	168349.6563
4793	187018.6406
4794	198044.7813
4795	152090.4688
4796	198873.3438
4797	184270.0781
4798	172418.9844
4799	143694.5781
4800	170212.375
4801	154606.2969
4802	173507.7344
4803	137469.125
4804	184458.875
4805	210917.0781
4806	140665.7188
4807	172119.3594
4808	165596.5781
4809	169424.875
4810	171820.1719
4811	176142.9375
4812	137515.4844
4813	126560.9219
4814	208604.4063
4815	236816.2188
4816	238914.8438
4817	160796.5625
4818	179662.0938
4819	182233.4063
4820	141910.8906
4821	154033.375
4822	176607.0938
4823	180755.375
4824	157350.4688
4825	193564.1719
4826	236885.2813
4827	138499.5625
4828	221010.75
4829	213978.5156
4830	212562.5781
4831	177491.9219
4832	127630.3125
4833	164634.375
4834	183332.9063
4835	176232.7969
4836	141561.1563
4837	169107.7188
4838	189731.7656
4839	125316.2656
4840	180513.875
4841	135733.6719
4842	149309.2656
4843	204493.3438
4844	186130.6875
4845	115129.125
4846	189236.5625
4847	116524.8438
4848	201093.0313
4849	180975.4531
4850	188876.1094
4851	176766.1406
4852	163792.875
4853	174647.0625
4854	164447.4375
4855	189336.2344
4856	146498.3594
4857	176963.4688
4858	193397.5781
4859	166332.6094
4860	207002.9375
4861	157643.0469
4862	134203.7969
4863	177423.875
4864	220664.1875
4865	189342.0938
4866	198753.5625
4867	153104.5625
4868	147177.9063
4869	186901.5156
4870	163821.6406
4871	141869.0156
4872	169961.75
4873	194952.9219
4874	134312.3906
4875	203515.2188
4876	202729.3125
4877	197622.6875
4878	131404.75
4879	160486
4880	223600.5313
4881	190102.4844
4882	140219.5
4883	147143.3906
4884	155445.9688
4885	177095.4375
4886	196235.3281
4887	136969.875
4888	235301.875
4889	166026.5938
4890	136186.6719
4891	223921.5156
4892	169948.625
4893	112984.0938
4894	177280.5781
4895	139228.1094
4896	147134.75
4897	198953.7656
4898	171335.6094
4899	190424.3906
4900	149889.1563
4901	196128.0313
4902	169700.4375
4903	201858.25
4904	164127.4688
4905	158697.125
4906	151988.7031
4907	187274.4375
4908	136844.0625
4909	159191.1563
4910	135041.5625
4911	186043.0313
4912	170375.375
4913	191309.1563
4914	186262.6875
4915	154228.4219
4916	176474.7656
4917	191480.4688
4918	129583.8594
4919	196972.4531
4920	148405.8125
4921	165126.375
4922	229149.875
4923	168573.625
4924	183072.0781
4925	220471.4688
4926	130973.375
4927	130284.9453
4928	225511.75
4929	152685.875
4930	158824.6719
4931	177887.8281
4932	163365.0625
4933	225089.7656
4934	156448.2656
4935	162276.4219
4936	185096.8438
4937	147680.0469
4938	172935.2188
4939	186953.125
4940	128315.6875
4941	161566.5313
4942	150170.75
4943	194144.9688
4944	179562.1875
4945	140933.1719
4946	163497.5469
4947	149200.7656
4948	152790.125
4949	156240.5625
4950	127973.6094
4951	214159.7344
4952	197723.3281
4953	169537.9063
4954	187261.1719
4955	89016.26563
4956	150299.4531
4957	159113.1719
4958	211139.2031
4959	222326.9063
4960	164187.4063
4961	144592.7031
4962	188780.2344
4963	160008.0938
4964	230223.8281
4965	211617.8438
4966	153743.2344
4967	186472.9688
4968	167535.6563
4969	147865.625
4970	169231.4844
4971	169903.5
4972	161444.125
4973	245181.2188
4974	155597.3594
4975	224611.6719
4976	192258.5313
4977	219426.6719
4978	149117.8125
4979	158064.0313
4980	176044.1563
4981	187782.5313
4982	166473.3594
4983	223334.1563
4984	158081.4531
4985	185503.1406
4986	193681.3281
4987	219958.8125
4988	201525.9219
4989	127323.0703
4990	110183.4453
4991	160922.4375
4992	135376.5781
4993	174954.125
4994	132281.625
4995	213680.2188
4996	140508.125
4997	162672.8906
4998	192215.5469
4999	191981.3906
5000	196257.4375